( Spiral Relief G-code )
( Tool: flat 3.175mm, Stepover: 96% )
( Outer dia: 40mm, Max depth: 1mm, Passes: 5 x 0.2mm )
( Feed rate: 800mm/min, Plunge: 300mm/min )

G21         ( mm units )
G90         ( absolute positioning )
G17         ( XY plane )
G0 Z5.000  ( go to safe height )
G0 X0 Y0    ( go to center )
M3          ( spindle on )

( Pass 1/5 — target Z: -0.200 )
G0 X0.000 Y0.000
G1 Z-0.200 F300
G1 F800
X0.023 Y0.001 Z-0.200
X0.045 Y0.005 Z-0.200
X0.067 Y0.010 Z-0.200
X0.089 Y0.018 Z-0.200
X0.110 Y0.028 Z-0.200
X0.130 Y0.040 Z-0.200
X0.149 Y0.055 Z-0.200
X0.167 Y0.071 Z-0.200
X0.184 Y0.089 Z-0.200
X0.199 Y0.109 Z-0.200
X0.213 Y0.131 Z-0.200
X0.225 Y0.154 Z-0.200
X0.235 Y0.179 Z-0.200
X0.243 Y0.205 Z-0.200
X0.250 Y0.232 Z-0.200
X0.253 Y0.261 Z-0.200
X0.255 Y0.290 Z-0.200
X0.254 Y0.320 Z-0.200
X0.251 Y0.351 Z-0.200
X0.246 Y0.382 Z-0.200
X0.238 Y0.414 Z-0.200
X0.227 Y0.446 Z-0.200
X0.214 Y0.477 Z-0.200
X0.198 Y0.508 Z-0.200
X0.179 Y0.539 Z-0.200
X0.158 Y0.569 Z-0.200
X0.135 Y0.599 Z-0.200
X0.109 Y0.627 Z-0.200
X0.080 Y0.654 Z-0.200
X0.049 Y0.680 Z-0.200
X0.015 Y0.704 Z-0.200
X-0.021 Y0.727 Z-0.200
X-0.059 Y0.748 Z-0.200
X-0.099 Y0.766 Z-0.200
X-0.141 Y0.783 Z-0.200
X-0.185 Y0.797 Z-0.200
X-0.231 Y0.809 Z-0.200
X-0.279 Y0.817 Z-0.200
X-0.327 Y0.824 Z-0.200
X-0.378 Y0.827 Z-0.200
X-0.429 Y0.827 Z-0.200
X-0.481 Y0.824 Z-0.200
X-0.534 Y0.818 Z-0.200
X-0.588 Y0.809 Z-0.200
X-0.642 Y0.796 Z-0.200
X-0.696 Y0.780 Z-0.200
X-0.750 Y0.761 Z-0.200
X-0.804 Y0.738 Z-0.200
X-0.857 Y0.711 Z-0.200
X-0.910 Y0.681 Z-0.200
X-0.961 Y0.647 Z-0.200
X-1.012 Y0.610 Z-0.200
X-1.061 Y0.570 Z-0.200
X-1.109 Y0.526 Z-0.200
X-1.155 Y0.478 Z-0.200
X-1.199 Y0.428 Z-0.200
X-1.240 Y0.374 Z-0.200
X-1.280 Y0.317 Z-0.200
X-1.316 Y0.257 Z-0.200
X-1.350 Y0.194 Z-0.200
X-1.380 Y0.128 Z-0.200
X-1.408 Y0.060 Z-0.200
X-1.432 Y-0.010 Z-0.200
X-1.452 Y-0.083 Z-0.200
X-1.469 Y-0.158 Z-0.200
X-1.482 Y-0.235 Z-0.200
X-1.490 Y-0.313 Z-0.200
X-1.495 Y-0.393 Z-0.200
X-1.495 Y-0.474 Z-0.200
X-1.491 Y-0.556 Z-0.200
X-1.482 Y-0.639 Z-0.200
X-1.468 Y-0.722 Z-0.200
X-1.450 Y-0.805 Z-0.200
X-1.428 Y-0.889 Z-0.200
X-1.400 Y-0.972 Z-0.200
X-1.368 Y-1.055 Z-0.200
X-1.331 Y-1.137 Z-0.200
X-1.289 Y-1.217 Z-0.200
X-1.242 Y-1.296 Z-0.200
X-1.191 Y-1.374 Z-0.200
X-1.135 Y-1.450 Z-0.200
X-1.074 Y-1.523 Z-0.200
X-1.008 Y-1.594 Z-0.200
X-0.939 Y-1.662 Z-0.200
X-0.865 Y-1.727 Z-0.200
X-0.786 Y-1.789 Z-0.200
X-0.704 Y-1.848 Z-0.200
X-0.618 Y-1.902 Z-0.200
X-0.528 Y-1.953 Z-0.200
X-0.435 Y-1.999 Z-0.200
X-0.338 Y-2.040 Z-0.200
X-0.238 Y-2.077 Z-0.200
X-0.136 Y-2.109 Z-0.200
X-0.031 Y-2.136 Z-0.200
X0.077 Y-2.158 Z-0.200
X0.187 Y-2.174 Z-0.200
X0.298 Y-2.184 Z-0.200
X0.411 Y-2.189 Z-0.200
X0.525 Y-2.188 Z-0.200
X0.640 Y-2.181 Z-0.200
X0.756 Y-2.167 Z-0.200
X0.872 Y-2.148 Z-0.200
X0.988 Y-2.122 Z-0.200
X1.103 Y-2.090 Z-0.200
X1.218 Y-2.052 Z-0.200
X1.331 Y-2.008 Z-0.200
X1.443 Y-1.957 Z-0.200
X1.554 Y-1.900 Z-0.200
X1.662 Y-1.837 Z-0.200
X1.768 Y-1.768 Z-0.200
X1.871 Y-1.692 Z-0.200
X1.971 Y-1.611 Z-0.200
X2.067 Y-1.524 Z-0.200
X2.159 Y-1.432 Z-0.200
X2.248 Y-1.334 Z-0.200
X2.332 Y-1.230 Z-0.200
X2.411 Y-1.122 Z-0.200
X2.485 Y-1.009 Z-0.200
X2.554 Y-0.891 Z-0.200
X2.617 Y-0.768 Z-0.200
X2.674 Y-0.642 Z-0.200
X2.725 Y-0.512 Z-0.200
X2.770 Y-0.378 Z-0.200
X2.808 Y-0.241 Z-0.200
X2.839 Y-0.101 Z-0.200
X2.863 Y0.041 Z-0.200
X2.880 Y0.185 Z-0.200
X2.890 Y0.332 Z-0.200
X2.892 Y0.479 Z-0.200
X2.887 Y0.628 Z-0.200
X2.874 Y0.777 Z-0.200
X2.853 Y0.927 Z-0.200
X2.825 Y1.077 Z-0.200
X2.788 Y1.225 Z-0.200
X2.744 Y1.373 Z-0.200
X2.691 Y1.520 Z-0.200
X2.631 Y1.665 Z-0.200
X2.563 Y1.807 Z-0.200
X2.488 Y1.947 Z-0.200
X2.405 Y2.084 Z-0.200
X2.314 Y2.217 Z-0.200
X2.216 Y2.346 Z-0.200
X2.111 Y2.471 Z-0.200
X1.998 Y2.592 Z-0.200
X1.879 Y2.707 Z-0.200
X1.754 Y2.817 Z-0.200
X1.622 Y2.921 Z-0.200
X1.484 Y3.019 Z-0.200
X1.340 Y3.110 Z-0.200
X1.191 Y3.194 Z-0.200
X1.037 Y3.271 Z-0.200
X0.878 Y3.341 Z-0.200
X0.715 Y3.403 Z-0.200
X0.548 Y3.457 Z-0.200
X0.377 Y3.503 Z-0.200
X0.202 Y3.540 Z-0.200
X0.025 Y3.568 Z-0.200
X-0.154 Y3.588 Z-0.200
X-0.335 Y3.598 Z-0.200
X-0.518 Y3.599 Z-0.200
X-0.701 Y3.591 Z-0.200
X-0.885 Y3.574 Z-0.200
X-1.069 Y3.547 Z-0.200
X-1.253 Y3.511 Z-0.200
X-1.435 Y3.465 Z-0.200
X-1.616 Y3.409 Z-0.200
X-1.795 Y3.344 Z-0.200
X-1.972 Y3.270 Z-0.200
X-2.145 Y3.186 Z-0.200
X-2.315 Y3.093 Z-0.200
X-2.482 Y2.991 Z-0.200
X-2.643 Y2.880 Z-0.200
X-2.800 Y2.760 Z-0.200
X-2.951 Y2.632 Z-0.200
X-3.097 Y2.496 Z-0.200
X-3.236 Y2.351 Z-0.200
X-3.369 Y2.199 Z-0.200
X-3.494 Y2.039 Z-0.200
X-3.611 Y1.873 Z-0.200
X-3.721 Y1.699 Z-0.200
X-3.823 Y1.520 Z-0.200
X-3.915 Y1.334 Z-0.200
X-3.999 Y1.143 Z-0.200
X-4.073 Y0.947 Z-0.200
X-4.138 Y0.747 Z-0.200
X-4.192 Y0.542 Z-0.200
X-4.237 Y0.333 Z-0.200
X-4.271 Y0.122 Z-0.200
X-4.294 Y-0.092 Z-0.200
X-4.307 Y-0.308 Z-0.200
X-4.309 Y-0.526 Z-0.200
X-4.300 Y-0.744 Z-0.200
X-4.279 Y-0.963 Z-0.200
X-4.248 Y-1.182 Z-0.200
X-4.205 Y-1.400 Z-0.200
X-4.151 Y-1.616 Z-0.200
X-4.086 Y-1.831 Z-0.200
X-4.010 Y-2.043 Z-0.200
X-3.922 Y-2.252 Z-0.200
X-3.824 Y-2.457 Z-0.200
X-3.715 Y-2.659 Z-0.200
X-3.595 Y-2.855 Z-0.200
X-3.465 Y-3.046 Z-0.200
X-3.325 Y-3.231 Z-0.200
X-3.175 Y-3.410 Z-0.200
X-3.015 Y-3.582 Z-0.200
X-2.846 Y-3.746 Z-0.200
X-2.668 Y-3.902 Z-0.200
X-2.482 Y-4.050 Z-0.200
X-2.287 Y-4.189 Z-0.200
X-2.085 Y-4.318 Z-0.200
X-1.876 Y-4.438 Z-0.200
X-1.659 Y-4.548 Z-0.200
X-1.437 Y-4.647 Z-0.200
X-1.208 Y-4.735 Z-0.200
X-0.975 Y-4.811 Z-0.200
X-0.737 Y-4.876 Z-0.200
X-0.494 Y-4.930 Z-0.200
X-0.249 Y-4.971 Z-0.200
X-0.000 Y-5.000 Z-0.200
X0.251 Y-5.016 Z-0.200
X0.504 Y-5.020 Z-0.200
X0.757 Y-5.011 Z-0.200
X1.011 Y-4.990 Z-0.200
X1.265 Y-4.955 Z-0.200
X1.517 Y-4.907 Z-0.200
X1.768 Y-4.847 Z-0.200
X2.017 Y-4.773 Z-0.200
X2.263 Y-4.687 Z-0.200
X2.505 Y-4.588 Z-0.200
X2.743 Y-4.476 Z-0.200
X2.976 Y-4.352 Z-0.200
X3.204 Y-4.216 Z-0.200
X3.425 Y-4.069 Z-0.200
X3.639 Y-3.909 Z-0.200
X3.846 Y-3.738 Z-0.200
X4.045 Y-3.556 Z-0.200
X4.236 Y-3.364 Z-0.200
X4.417 Y-3.161 Z-0.200
X4.589 Y-2.949 Z-0.200
X4.750 Y-2.727 Z-0.200
X4.901 Y-2.497 Z-0.200
X5.040 Y-2.258 Z-0.200
X5.168 Y-2.012 Z-0.200
X5.283 Y-1.758 Z-0.200
X5.386 Y-1.498 Z-0.200
X5.477 Y-1.232 Z-0.200
X5.554 Y-0.961 Z-0.200
X5.617 Y-0.685 Z-0.200
X5.667 Y-0.405 Z-0.200
X5.703 Y-0.122 Z-0.200
X5.725 Y0.164 Z-0.200
X5.732 Y0.451 Z-0.200
X5.725 Y0.740 Z-0.200
X5.703 Y1.029 Z-0.200
X5.667 Y1.318 Z-0.200
X5.616 Y1.606 Z-0.200
X5.550 Y1.891 Z-0.200
X5.470 Y2.175 Z-0.200
X5.375 Y2.455 Z-0.200
X5.266 Y2.731 Z-0.200
X5.143 Y3.002 Z-0.200
X5.005 Y3.267 Z-0.200
X4.854 Y3.527 Z-0.200
X4.690 Y3.779 Z-0.200
X4.512 Y4.024 Z-0.200
X4.321 Y4.260 Z-0.200
X4.119 Y4.487 Z-0.200
X3.904 Y4.705 Z-0.200
X3.677 Y4.912 Z-0.200
X3.440 Y5.109 Z-0.200
X3.192 Y5.294 Z-0.200
X2.935 Y5.467 Z-0.200
X2.668 Y5.627 Z-0.200
X2.392 Y5.774 Z-0.200
X2.108 Y5.908 Z-0.200
X1.817 Y6.028 Z-0.200
X1.519 Y6.133 Z-0.200
X1.215 Y6.223 Z-0.200
X0.906 Y6.299 Z-0.200
X0.592 Y6.359 Z-0.200
X0.274 Y6.403 Z-0.200
X-0.046 Y6.432 Z-0.200
X-0.368 Y6.444 Z-0.200
X-0.692 Y6.440 Z-0.200
X-1.017 Y6.420 Z-0.200
X-1.341 Y6.383 Z-0.200
X-1.664 Y6.330 Z-0.200
X-1.985 Y6.261 Z-0.200
X-2.303 Y6.175 Z-0.200
X-2.618 Y6.073 Z-0.200
X-2.928 Y5.955 Z-0.200
X-3.233 Y5.822 Z-0.200
X-3.532 Y5.672 Z-0.200
X-3.824 Y5.507 Z-0.200
X-4.108 Y5.327 Z-0.200
X-4.384 Y5.133 Z-0.200
X-4.650 Y4.924 Z-0.200
X-4.907 Y4.701 Z-0.200
X-5.153 Y4.465 Z-0.200
X-5.387 Y4.216 Z-0.200
X-5.610 Y3.955 Z-0.200
X-5.820 Y3.682 Z-0.200
X-6.016 Y3.397 Z-0.200
X-6.199 Y3.103 Z-0.200
X-6.367 Y2.798 Z-0.200
X-6.520 Y2.485 Z-0.200
X-6.657 Y2.163 Z-0.200
X-6.779 Y1.834 Z-0.200
X-6.884 Y1.498 Z-0.200
X-6.973 Y1.156 Z-0.200
X-7.045 Y0.808 Z-0.200
X-7.099 Y0.457 Z-0.200
X-7.136 Y0.102 Z-0.200
X-7.155 Y-0.256 Z-0.200
X-7.155 Y-0.615 Z-0.200
X-7.138 Y-0.974 Z-0.200
X-7.103 Y-1.334 Z-0.200
X-7.050 Y-1.692 Z-0.200
X-6.978 Y-2.049 Z-0.200
X-6.889 Y-2.403 Z-0.200
X-6.781 Y-2.752 Z-0.200
X-6.656 Y-3.097 Z-0.200
X-6.513 Y-3.436 Z-0.200
X-6.352 Y-3.769 Z-0.200
X-6.175 Y-4.094 Z-0.200
X-5.981 Y-4.411 Z-0.200
X-5.771 Y-4.719 Z-0.200
X-5.545 Y-5.016 Z-0.200
X-5.303 Y-5.303 Z-0.200
X-5.047 Y-5.578 Z-0.200
X-4.776 Y-5.841 Z-0.200
X-4.492 Y-6.091 Z-0.200
X-4.195 Y-6.327 Z-0.200
X-3.885 Y-6.548 Z-0.200
X-3.564 Y-6.754 Z-0.200
X-3.231 Y-6.944 Z-0.200
X-2.889 Y-7.118 Z-0.200
X-2.537 Y-7.275 Z-0.200
X-2.177 Y-7.414 Z-0.200
X-1.809 Y-7.536 Z-0.200
X-1.435 Y-7.639 Z-0.200
X-1.054 Y-7.724 Z-0.200
X-0.669 Y-7.790 Z-0.200
X-0.280 Y-7.836 Z-0.200
X0.112 Y-7.863 Z-0.200
X0.506 Y-7.870 Z-0.200
X0.902 Y-7.858 Z-0.200
X1.297 Y-7.825 Z-0.200
X1.691 Y-7.773 Z-0.200
X2.083 Y-7.701 Z-0.200
X2.472 Y-7.608 Z-0.200
X2.857 Y-7.497 Z-0.200
X3.237 Y-7.365 Z-0.200
X3.611 Y-7.215 Z-0.200
X3.979 Y-7.045 Z-0.200
X4.338 Y-6.857 Z-0.200
X4.688 Y-6.650 Z-0.200
X5.028 Y-6.425 Z-0.200
X5.358 Y-6.183 Z-0.200
X5.676 Y-5.924 Z-0.200
X5.981 Y-5.649 Z-0.200
X6.273 Y-5.358 Z-0.200
X6.551 Y-5.052 Z-0.200
X6.814 Y-4.731 Z-0.200
X7.061 Y-4.397 Z-0.200
X7.292 Y-4.050 Z-0.200
X7.506 Y-3.690 Z-0.200
X7.701 Y-3.320 Z-0.200
X7.879 Y-2.939 Z-0.200
X8.038 Y-2.548 Z-0.200
X8.177 Y-2.149 Z-0.200
X8.296 Y-1.743 Z-0.200
X8.395 Y-1.330 Z-0.200
X8.474 Y-0.911 Z-0.200
X8.532 Y-0.488 Z-0.200
X8.568 Y-0.061 Z-0.200
X8.583 Y0.368 Z-0.200
X8.577 Y0.798 Z-0.200
X8.548 Y1.229 Z-0.200
X8.499 Y1.659 Z-0.200
X8.427 Y2.087 Z-0.200
X8.334 Y2.512 Z-0.200
X8.220 Y2.933 Z-0.200
X8.084 Y3.348 Z-0.200
X7.927 Y3.758 Z-0.200
X7.749 Y4.160 Z-0.200
X7.551 Y4.554 Z-0.200
X7.333 Y4.938 Z-0.200
X7.096 Y5.312 Z-0.200
X6.839 Y5.674 Z-0.200
X6.564 Y6.024 Z-0.200
X6.270 Y6.361 Z-0.200
X5.960 Y6.683 Z-0.200
X5.633 Y6.990 Z-0.200
X5.290 Y7.281 Z-0.200
X4.932 Y7.555 Z-0.200
X4.560 Y7.812 Z-0.200
X4.174 Y8.050 Z-0.200
X3.777 Y8.269 Z-0.200
X3.367 Y8.469 Z-0.200
X2.947 Y8.648 Z-0.200
X2.518 Y8.806 Z-0.200
X2.080 Y8.943 Z-0.200
X1.634 Y9.058 Z-0.200
X1.183 Y9.151 Z-0.200
X0.726 Y9.221 Z-0.200
X0.265 Y9.269 Z-0.200
X-0.199 Y9.293 Z-0.200
X-0.665 Y9.294 Z-0.200
X-1.131 Y9.272 Z-0.200
X-1.597 Y9.226 Z-0.200
X-2.061 Y9.157 Z-0.200
X-2.522 Y9.065 Z-0.200
X-2.979 Y8.949 Z-0.200
X-3.430 Y8.810 Z-0.200
X-3.875 Y8.649 Z-0.200
X-4.313 Y8.465 Z-0.200
X-4.742 Y8.258 Z-0.200
X-5.161 Y8.030 Z-0.200
X-5.569 Y7.781 Z-0.200
X-5.965 Y7.511 Z-0.200
X-6.347 Y7.220 Z-0.200
X-6.716 Y6.911 Z-0.200
X-7.069 Y6.582 Z-0.200
X-7.407 Y6.235 Z-0.200
X-7.727 Y5.871 Z-0.200
X-8.030 Y5.490 Z-0.200
X-8.313 Y5.094 Z-0.200
X-8.577 Y4.684 Z-0.200
X-8.821 Y4.259 Z-0.200
X-9.044 Y3.822 Z-0.200
X-9.245 Y3.373 Z-0.200
X-9.423 Y2.914 Z-0.200
X-9.579 Y2.445 Z-0.200
X-9.712 Y1.968 Z-0.200
X-9.820 Y1.484 Z-0.200
X-9.905 Y0.993 Z-0.200
X-9.965 Y0.498 Z-0.200
X-10.000 Y0.000 Z-0.200
X-10.010 Y-0.501 Z-0.200
X-9.995 Y-1.002 Z-0.200
X-9.955 Y-1.504 Z-0.200
X-9.890 Y-2.004 Z-0.200
X-9.799 Y-2.501 Z-0.200
X-9.684 Y-2.994 Z-0.200
X-9.544 Y-3.482 Z-0.200
X-9.379 Y-3.963 Z-0.200
X-9.189 Y-4.437 Z-0.200
X-8.976 Y-4.901 Z-0.200
X-8.740 Y-5.356 Z-0.200
X-8.480 Y-5.798 Z-0.200
X-8.198 Y-6.229 Z-0.200
X-7.894 Y-6.645 Z-0.200
X-7.568 Y-7.046 Z-0.200
X-7.223 Y-7.432 Z-0.200
X-6.857 Y-7.801 Z-0.200
X-6.473 Y-8.151 Z-0.200
X-6.071 Y-8.483 Z-0.200
X-5.652 Y-8.795 Z-0.200
X-5.217 Y-9.086 Z-0.200
X-4.767 Y-9.356 Z-0.200
X-4.303 Y-9.603 Z-0.200
X-3.826 Y-9.827 Z-0.200
X-3.337 Y-10.027 Z-0.200
X-2.838 Y-10.203 Z-0.200
X-2.330 Y-10.355 Z-0.200
X-1.814 Y-10.481 Z-0.200
X-1.291 Y-10.581 Z-0.200
X-0.762 Y-10.655 Z-0.200
X-0.229 Y-10.702 Z-0.200
X0.306 Y-10.723 Z-0.200
X0.843 Y-10.717 Z-0.200
X1.381 Y-10.684 Z-0.200
X1.917 Y-10.624 Z-0.200
X2.450 Y-10.537 Z-0.200
X2.980 Y-10.423 Z-0.200
X3.504 Y-10.283 Z-0.200
X4.022 Y-10.116 Z-0.200
X4.532 Y-9.923 Z-0.200
X5.032 Y-9.705 Z-0.200
X5.522 Y-9.461 Z-0.200
X6.001 Y-9.192 Z-0.200
X6.466 Y-8.899 Z-0.200
X6.916 Y-8.583 Z-0.200
X7.352 Y-8.243 Z-0.200
X7.770 Y-7.882 Z-0.200
X8.171 Y-7.499 Z-0.200
X8.553 Y-7.096 Z-0.200
X8.915 Y-6.674 Z-0.200
X9.256 Y-6.233 Z-0.200
X9.576 Y-5.774 Z-0.200
X9.872 Y-5.299 Z-0.200
X10.145 Y-4.809 Z-0.200
X10.394 Y-4.305 Z-0.200
X10.617 Y-3.788 Z-0.200
X10.815 Y-3.260 Z-0.200
X10.986 Y-2.721 Z-0.200
X11.131 Y-2.173 Z-0.200
X11.248 Y-1.617 Z-0.200
X11.337 Y-1.055 Z-0.200
X11.399 Y-0.489 Z-0.200
X11.432 Y0.082 Z-0.200
X11.436 Y0.654 Z-0.200
X11.412 Y1.227 Z-0.200
X11.358 Y1.799 Z-0.200
X11.277 Y2.369 Z-0.200
X11.166 Y2.935 Z-0.200
X11.027 Y3.496 Z-0.200
X10.860 Y4.051 Z-0.200
X10.665 Y4.597 Z-0.200
X10.442 Y5.134 Z-0.200
X10.193 Y5.661 Z-0.200
X9.917 Y6.175 Z-0.200
X9.614 Y6.675 Z-0.200
X9.287 Y7.161 Z-0.200
X8.935 Y7.631 Z-0.200
X8.559 Y8.083 Z-0.200
X8.160 Y8.517 Z-0.200
X7.739 Y8.932 Z-0.200
X7.297 Y9.325 Z-0.200
X6.836 Y9.696 Z-0.200
X6.355 Y10.045 Z-0.200
X5.856 Y10.370 Z-0.200
X5.341 Y10.670 Z-0.200
X4.810 Y10.944 Z-0.200
X4.266 Y11.192 Z-0.200
X3.708 Y11.413 Z-0.200
X3.139 Y11.606 Z-0.200
X2.560 Y11.770 Z-0.200
X1.973 Y11.906 Z-0.200
X1.378 Y12.012 Z-0.200
X0.778 Y12.089 Z-0.200
X0.173 Y12.135 Z-0.200
X-0.434 Y12.151 Z-0.200
X-1.042 Y12.137 Z-0.200
X-1.651 Y12.092 Z-0.200
X-2.257 Y12.017 Z-0.200
X-2.860 Y11.912 Z-0.200
X-3.458 Y11.776 Z-0.200
X-4.049 Y11.610 Z-0.200
X-4.633 Y11.414 Z-0.200
X-5.207 Y11.189 Z-0.200
X-5.770 Y10.935 Z-0.200
X-6.320 Y10.652 Z-0.200
X-6.857 Y10.342 Z-0.200
X-7.379 Y10.005 Z-0.200
X-7.884 Y9.642 Z-0.200
X-8.371 Y9.253 Z-0.200
X-8.839 Y8.839 Z-0.200
X-9.286 Y8.401 Z-0.200
X-9.712 Y7.941 Z-0.200
X-10.115 Y7.460 Z-0.200
X-10.494 Y6.958 Z-0.200
X-10.848 Y6.436 Z-0.200
X-11.176 Y5.897 Z-0.200
X-11.477 Y5.341 Z-0.200
X-11.751 Y4.769 Z-0.200
X-11.996 Y4.184 Z-0.200
X-12.212 Y3.586 Z-0.200
X-12.398 Y2.976 Z-0.200
X-12.553 Y2.358 Z-0.200
X-12.678 Y1.731 Z-0.200
X-12.771 Y1.097 Z-0.200
X-12.833 Y0.458 Z-0.200
X-12.862 Y-0.184 Z-0.200
X-12.860 Y-0.828 Z-0.200
X-12.825 Y-1.472 Z-0.200
X-12.758 Y-2.114 Z-0.200
X-12.658 Y-2.754 Z-0.200
X-12.527 Y-3.389 Z-0.200
X-12.364 Y-4.017 Z-0.200
X-12.169 Y-4.638 Z-0.200
X-11.943 Y-5.249 Z-0.200
X-11.686 Y-5.850 Z-0.200
X-11.399 Y-6.437 Z-0.200
X-11.082 Y-7.011 Z-0.200
X-10.737 Y-7.569 Z-0.200
X-10.363 Y-8.110 Z-0.200
X-9.962 Y-8.632 Z-0.200
X-9.535 Y-9.135 Z-0.200
X-9.082 Y-9.616 Z-0.200
X-8.605 Y-10.075 Z-0.200
X-8.105 Y-10.511 Z-0.200
X-7.583 Y-10.921 Z-0.200
X-7.040 Y-11.306 Z-0.200
X-6.477 Y-11.663 Z-0.200
X-5.896 Y-11.993 Z-0.200
X-5.299 Y-12.293 Z-0.200
X-4.686 Y-12.564 Z-0.200
X-4.059 Y-12.804 Z-0.200
X-3.420 Y-13.013 Z-0.200
X-2.771 Y-13.189 Z-0.200
X-2.112 Y-13.334 Z-0.200
X-1.446 Y-13.445 Z-0.200
X-0.773 Y-13.523 Z-0.200
X-0.097 Y-13.568 Z-0.200
X0.582 Y-13.578 Z-0.200
X1.262 Y-13.555 Z-0.200
X1.941 Y-13.498 Z-0.200
X2.617 Y-13.406 Z-0.200
X3.289 Y-13.281 Z-0.200
X3.955 Y-13.122 Z-0.200
X4.613 Y-12.929 Z-0.200
X5.262 Y-12.703 Z-0.200
X5.900 Y-12.445 Z-0.200
X6.525 Y-12.155 Z-0.200
X7.136 Y-11.833 Z-0.200
X7.731 Y-11.481 Z-0.200
X8.308 Y-11.098 Z-0.200
X8.867 Y-10.687 Z-0.200
X9.405 Y-10.247 Z-0.200
X9.921 Y-9.781 Z-0.200
X10.415 Y-9.288 Z-0.200
X10.883 Y-8.770 Z-0.200
X11.326 Y-8.229 Z-0.200
X11.742 Y-7.665 Z-0.200
X12.130 Y-7.081 Z-0.200
X12.489 Y-6.476 Z-0.200
X12.818 Y-5.854 Z-0.200
X13.115 Y-5.214 Z-0.200
X13.381 Y-4.560 Z-0.200
X13.614 Y-3.892 Z-0.200
X13.813 Y-3.212 Z-0.200
X13.979 Y-2.522 Z-0.200
X14.110 Y-1.823 Z-0.200
X14.206 Y-1.118 Z-0.200
X14.267 Y-0.408 Z-0.200
X14.292 Y0.306 Z-0.200
X14.282 Y1.021 Z-0.200
X14.235 Y1.736 Z-0.200
X14.153 Y2.449 Z-0.200
X14.035 Y3.158 Z-0.200
X13.882 Y3.862 Z-0.200
X13.693 Y4.558 Z-0.200
X13.470 Y5.244 Z-0.200
X13.212 Y5.920 Z-0.200
X12.920 Y6.583 Z-0.200
X12.594 Y7.231 Z-0.200
X12.236 Y7.864 Z-0.200
X11.847 Y8.479 Z-0.200
X11.426 Y9.074 Z-0.200
X10.976 Y9.649 Z-0.200
X10.496 Y10.201 Z-0.200
X9.989 Y10.729 Z-0.200
X9.455 Y11.232 Z-0.200
X8.896 Y11.708 Z-0.200
X8.313 Y12.157 Z-0.200
X7.707 Y12.576 Z-0.200
X7.080 Y12.966 Z-0.200
X6.433 Y13.324 Z-0.200
X5.768 Y13.649 Z-0.200
X5.087 Y13.942 Z-0.200
X4.391 Y14.200 Z-0.200
X3.681 Y14.424 Z-0.200
X2.961 Y14.612 Z-0.200
X2.230 Y14.764 Z-0.200
X1.492 Y14.880 Z-0.200
X0.748 Y14.959 Z-0.200
X-0.000 Y15.000 Z-0.200
X-0.751 Y15.004 Z-0.200
X-1.501 Y14.970 Z-0.200
X-2.251 Y14.899 Z-0.200
X-2.997 Y14.790 Z-0.200
X-3.738 Y14.644 Z-0.200
X-4.471 Y14.461 Z-0.200
X-5.196 Y14.241 Z-0.200
X-5.910 Y13.984 Z-0.200
X-6.611 Y13.692 Z-0.200
X-7.298 Y13.365 Z-0.200
X-7.968 Y13.003 Z-0.200
X-8.621 Y12.607 Z-0.200
X-9.253 Y12.179 Z-0.200
X-9.865 Y11.719 Z-0.200
X-10.454 Y11.228 Z-0.200
X-11.018 Y10.707 Z-0.200
X-11.556 Y10.159 Z-0.200
X-12.067 Y9.583 Z-0.200
X-12.549 Y8.981 Z-0.200
X-13.001 Y8.355 Z-0.200
X-13.422 Y7.707 Z-0.200
X-13.811 Y7.037 Z-0.200
X-14.166 Y6.347 Z-0.200
X-14.486 Y5.640 Z-0.200
X-14.771 Y4.916 Z-0.200
X-15.021 Y4.178 Z-0.200
X-15.233 Y3.428 Z-0.200
X-15.407 Y2.666 Z-0.200
X-15.544 Y1.896 Z-0.200
X-15.642 Y1.119 Z-0.200
X-15.701 Y0.336 Z-0.200
X-15.721 Y-0.449 Z-0.200
X-15.701 Y-1.236 Z-0.200
X-15.643 Y-2.022 Z-0.200
X-15.544 Y-2.805 Z-0.200
X-15.407 Y-3.583 Z-0.200
X-15.231 Y-4.354 Z-0.200
X-15.016 Y-5.117 Z-0.200
X-14.762 Y-5.869 Z-0.200
X-14.471 Y-6.609 Z-0.200
X-14.143 Y-7.334 Z-0.200
X-13.779 Y-8.043 Z-0.200
X-13.379 Y-8.734 Z-0.200
X-12.944 Y-9.405 Z-0.200
X-12.476 Y-10.054 Z-0.200
X-11.975 Y-10.680 Z-0.200
X-11.443 Y-11.281 Z-0.200
X-10.880 Y-11.855 Z-0.200
X-10.289 Y-12.401 Z-0.200
X-9.670 Y-12.918 Z-0.200
X-9.025 Y-13.404 Z-0.200
X-8.356 Y-13.857 Z-0.200
X-7.664 Y-14.277 Z-0.200
X-6.951 Y-14.663 Z-0.200
X-6.219 Y-15.013 Z-0.200
X-5.468 Y-15.326 Z-0.200
X-4.702 Y-15.602 Z-0.200
X-3.923 Y-15.840 Z-0.200
X-3.131 Y-16.038 Z-0.200
X-2.329 Y-16.197 Z-0.200
X-1.519 Y-16.316 Z-0.200
X-0.703 Y-16.394 Z-0.200
X0.117 Y-16.431 Z-0.200
X0.939 Y-16.428 Z-0.200
X1.761 Y-16.383 Z-0.200
X2.581 Y-16.297 Z-0.200
X3.397 Y-16.170 Z-0.200
X4.206 Y-16.002 Z-0.200
X5.007 Y-15.793 Z-0.200
X5.798 Y-15.545 Z-0.200
X6.576 Y-15.257 Z-0.200
X7.340 Y-14.929 Z-0.200
X8.088 Y-14.564 Z-0.200
X8.818 Y-14.161 Z-0.200
X9.527 Y-13.721 Z-0.200
X10.214 Y-13.246 Z-0.200
X10.878 Y-12.737 Z-0.200
X11.517 Y-12.194 Z-0.200
X12.128 Y-11.619 Z-0.200
X12.710 Y-11.014 Z-0.200
X13.263 Y-10.379 Z-0.200
X13.783 Y-9.716 Z-0.200
X14.271 Y-9.028 Z-0.200
X14.724 Y-8.315 Z-0.200
X15.141 Y-7.579 Z-0.200
X15.521 Y-6.822 Z-0.200
X15.864 Y-6.046 Z-0.200
X16.168 Y-5.253 Z-0.200
X16.432 Y-4.445 Z-0.200
X16.656 Y-3.623 Z-0.200
X16.839 Y-2.790 Z-0.200
X16.980 Y-1.948 Z-0.200
X17.078 Y-1.099 Z-0.200
X17.135 Y-0.245 Z-0.200
X17.148 Y0.612 Z-0.200
X17.119 Y1.470 Z-0.200
X17.046 Y2.327 Z-0.200
X16.931 Y3.180 Z-0.200
X16.773 Y4.027 Z-0.200
X16.573 Y4.866 Z-0.200
X16.331 Y5.696 Z-0.200
X16.047 Y6.513 Z-0.200
X15.722 Y7.316 Z-0.200
X15.357 Y8.103 Z-0.200
X14.953 Y8.872 Z-0.200
X14.510 Y9.620 Z-0.200
X14.029 Y10.347 Z-0.200
X13.512 Y11.049 Z-0.200
X12.960 Y11.725 Z-0.200
X12.374 Y12.374 Z-0.200
X11.756 Y12.994 Z-0.200
X11.106 Y13.583 Z-0.200
X10.428 Y14.139 Z-0.200
X9.721 Y14.661 Z-0.200
X8.988 Y15.148 Z-0.200
X8.230 Y15.598 Z-0.200
X7.450 Y16.010 Z-0.200
X6.650 Y16.384 Z-0.200
X5.830 Y16.717 Z-0.200
X4.994 Y17.009 Z-0.200
X4.144 Y17.260 Z-0.200
X3.280 Y17.467 Z-0.200
X2.407 Y17.632 Z-0.200
X1.525 Y17.753 Z-0.200
X0.637 Y17.830 Z-0.200
X-0.255 Y17.862 Z-0.200
X-1.149 Y17.849 Z-0.200
X-2.041 Y17.792 Z-0.200
X-2.932 Y17.691 Z-0.200
X-3.817 Y17.544 Z-0.200
X-4.694 Y17.354 Z-0.200
X-5.562 Y17.119 Z-0.200
X-6.419 Y16.841 Z-0.200
X-7.261 Y16.520 Z-0.200
X-8.088 Y16.157 Z-0.200
X-8.896 Y15.753 Z-0.200
X-9.684 Y15.308 Z-0.200
X-10.450 Y14.823 Z-0.200
X-11.191 Y14.301 Z-0.200
X-11.907 Y13.741 Z-0.200
X-12.594 Y13.145 Z-0.200
X-13.251 Y12.515 Z-0.200
X-13.877 Y11.852 Z-0.200
X-14.470 Y11.158 Z-0.200
X-15.028 Y10.434 Z-0.200
X-15.550 Y9.682 Z-0.200
X-16.034 Y8.905 Z-0.200
X-16.479 Y8.102 Z-0.200
X-16.885 Y7.278 Z-0.200
X-17.248 Y6.433 Z-0.200
X-17.570 Y5.570 Z-0.200
X-17.848 Y4.691 Z-0.200
X-18.083 Y3.799 Z-0.200
X-18.272 Y2.894 Z-0.200
X-18.417 Y1.980 Z-0.200
X-18.515 Y1.059 Z-0.200
X-18.568 Y0.133 Z-0.200
X-18.574 Y-0.796 Z-0.200
X-18.534 Y-1.725 Z-0.200
X-18.447 Y-2.652 Z-0.200
X-18.313 Y-3.575 Z-0.200
X-18.134 Y-4.491 Z-0.200
X-17.909 Y-5.398 Z-0.200
X-17.638 Y-6.293 Z-0.200
X-17.323 Y-7.175 Z-0.200
X-16.963 Y-8.042 Z-0.200
X-16.560 Y-8.890 Z-0.200
X-16.115 Y-9.718 Z-0.200
X-15.628 Y-10.523 Z-0.200
X-15.101 Y-11.305 Z-0.200
X-14.535 Y-12.059 Z-0.200
X-13.931 Y-12.786 Z-0.200
X-13.291 Y-13.482 Z-0.200
X-12.616 Y-14.146 Z-0.200
X-11.908 Y-14.776 Z-0.200
X-11.168 Y-15.371 Z-0.200
X-10.398 Y-15.929 Z-0.200
X-9.601 Y-16.448 Z-0.200
X-8.778 Y-16.928 Z-0.200
X-7.931 Y-17.366 Z-0.200
X-7.062 Y-17.761 Z-0.200
X-6.173 Y-18.113 Z-0.200
X-5.266 Y-18.421 Z-0.200
X-4.345 Y-18.683 Z-0.200
X-3.410 Y-18.899 Z-0.200
X-2.464 Y-19.069 Z-0.200
X-1.510 Y-19.191 Z-0.200
X-0.550 Y-19.265 Z-0.200
X0.413 Y-19.291 Z-0.200
X1.378 Y-19.269 Z-0.200
X2.342 Y-19.199 Z-0.200
X3.302 Y-19.080 Z-0.200
X4.256 Y-18.913 Z-0.200
X5.202 Y-18.699 Z-0.200
X6.137 Y-18.437 Z-0.200
X7.058 Y-18.129 Z-0.200
X7.964 Y-17.774 Z-0.200
X8.853 Y-17.375 Z-0.200
X9.721 Y-16.930 Z-0.200
X10.567 Y-16.443 Z-0.200
X11.389 Y-15.913 Z-0.200
X12.183 Y-15.342 Z-0.200
X12.950 Y-14.731 Z-0.200
X13.685 Y-14.082 Z-0.200
X14.388 Y-13.396 Z-0.200
X15.057 Y-12.675 Z-0.200
X15.690 Y-11.921 Z-0.200
X16.284 Y-11.135 Z-0.200
X16.840 Y-10.319 Z-0.200
X17.354 Y-9.476 Z-0.200
X17.826 Y-8.607 Z-0.200
X18.255 Y-7.715 Z-0.200
X18.639 Y-6.801 Z-0.200
X18.977 Y-5.868 Z-0.200
X19.269 Y-4.918 Z-0.200
X19.513 Y-3.954 Z-0.200
X19.708 Y-2.977 Z-0.200
X19.855 Y-1.991 Z-0.200
X19.952 Y-0.998 Z-0.200
X20.000 Y-0.000 Z-0.200

( Pass 2/5 — target Z: -0.400 )
G0 Z5.000
G0 X0.000 Y0.000
G1 Z-0.400 F300
G1 F800
X0.023 Y0.001 Z-0.400
X0.045 Y0.005 Z-0.400
X0.067 Y0.010 Z-0.400
X0.089 Y0.018 Z-0.400
X0.110 Y0.028 Z-0.400
X0.130 Y0.040 Z-0.400
X0.149 Y0.055 Z-0.400
X0.167 Y0.071 Z-0.400
X0.184 Y0.089 Z-0.400
X0.199 Y0.109 Z-0.400
X0.213 Y0.131 Z-0.400
X0.225 Y0.154 Z-0.400
X0.235 Y0.179 Z-0.400
X0.243 Y0.205 Z-0.400
X0.250 Y0.232 Z-0.400
X0.253 Y0.261 Z-0.400
X0.255 Y0.290 Z-0.400
X0.254 Y0.320 Z-0.400
X0.251 Y0.351 Z-0.400
X0.246 Y0.382 Z-0.400
X0.238 Y0.414 Z-0.400
X0.227 Y0.446 Z-0.400
X0.214 Y0.477 Z-0.400
X0.198 Y0.508 Z-0.400
X0.179 Y0.539 Z-0.400
X0.158 Y0.569 Z-0.400
X0.135 Y0.599 Z-0.400
X0.109 Y0.627 Z-0.400
X0.080 Y0.654 Z-0.400
X0.049 Y0.680 Z-0.400
X0.015 Y0.704 Z-0.400
X-0.021 Y0.727 Z-0.400
X-0.059 Y0.748 Z-0.400
X-0.099 Y0.766 Z-0.400
X-0.141 Y0.783 Z-0.400
X-0.185 Y0.797 Z-0.400
X-0.231 Y0.809 Z-0.400
X-0.279 Y0.817 Z-0.400
X-0.327 Y0.824 Z-0.400
X-0.378 Y0.827 Z-0.400
X-0.429 Y0.827 Z-0.400
X-0.481 Y0.824 Z-0.400
X-0.534 Y0.818 Z-0.400
X-0.588 Y0.809 Z-0.400
X-0.642 Y0.796 Z-0.400
X-0.696 Y0.780 Z-0.400
X-0.750 Y0.761 Z-0.400
X-0.804 Y0.738 Z-0.400
X-0.857 Y0.711 Z-0.400
X-0.910 Y0.681 Z-0.400
X-0.961 Y0.647 Z-0.400
X-1.012 Y0.610 Z-0.400
X-1.061 Y0.570 Z-0.400
X-1.109 Y0.526 Z-0.400
X-1.155 Y0.478 Z-0.400
X-1.199 Y0.428 Z-0.400
X-1.240 Y0.374 Z-0.400
X-1.280 Y0.317 Z-0.400
X-1.316 Y0.257 Z-0.400
X-1.350 Y0.194 Z-0.400
X-1.380 Y0.128 Z-0.400
X-1.408 Y0.060 Z-0.400
X-1.432 Y-0.010 Z-0.400
X-1.452 Y-0.083 Z-0.400
X-1.469 Y-0.158 Z-0.400
X-1.482 Y-0.235 Z-0.400
X-1.490 Y-0.313 Z-0.400
X-1.495 Y-0.393 Z-0.400
X-1.495 Y-0.474 Z-0.400
X-1.491 Y-0.556 Z-0.400
X-1.482 Y-0.639 Z-0.400
X-1.468 Y-0.722 Z-0.400
X-1.450 Y-0.805 Z-0.400
X-1.428 Y-0.889 Z-0.400
X-1.400 Y-0.972 Z-0.400
X-1.368 Y-1.055 Z-0.400
X-1.331 Y-1.137 Z-0.400
X-1.289 Y-1.217 Z-0.400
X-1.242 Y-1.296 Z-0.400
X-1.191 Y-1.374 Z-0.400
X-1.135 Y-1.450 Z-0.400
X-1.074 Y-1.523 Z-0.400
X-1.008 Y-1.594 Z-0.400
X-0.939 Y-1.662 Z-0.400
X-0.865 Y-1.727 Z-0.400
X-0.786 Y-1.789 Z-0.400
X-0.704 Y-1.848 Z-0.400
X-0.618 Y-1.902 Z-0.400
X-0.528 Y-1.953 Z-0.400
X-0.435 Y-1.999 Z-0.400
X-0.338 Y-2.040 Z-0.400
X-0.238 Y-2.077 Z-0.400
X-0.136 Y-2.109 Z-0.400
X-0.031 Y-2.136 Z-0.400
X0.077 Y-2.158 Z-0.400
X0.187 Y-2.174 Z-0.400
X0.298 Y-2.184 Z-0.400
X0.411 Y-2.189 Z-0.400
X0.525 Y-2.188 Z-0.400
X0.640 Y-2.181 Z-0.400
X0.756 Y-2.167 Z-0.400
X0.872 Y-2.148 Z-0.400
X0.988 Y-2.122 Z-0.400
X1.103 Y-2.090 Z-0.400
X1.218 Y-2.052 Z-0.400
X1.331 Y-2.008 Z-0.400
X1.443 Y-1.957 Z-0.400
X1.554 Y-1.900 Z-0.400
X1.662 Y-1.837 Z-0.400
X1.768 Y-1.768 Z-0.400
X1.871 Y-1.692 Z-0.400
X1.971 Y-1.611 Z-0.400
X2.067 Y-1.524 Z-0.400
X2.159 Y-1.432 Z-0.400
X2.248 Y-1.334 Z-0.400
X2.332 Y-1.230 Z-0.400
X2.411 Y-1.122 Z-0.400
X2.485 Y-1.009 Z-0.400
X2.554 Y-0.891 Z-0.400
X2.617 Y-0.768 Z-0.400
X2.674 Y-0.642 Z-0.400
X2.725 Y-0.512 Z-0.400
X2.770 Y-0.378 Z-0.400
X2.808 Y-0.241 Z-0.400
X2.839 Y-0.101 Z-0.400
X2.863 Y0.041 Z-0.400
X2.880 Y0.185 Z-0.400
X2.890 Y0.332 Z-0.400
X2.892 Y0.479 Z-0.400
X2.887 Y0.628 Z-0.400
X2.874 Y0.777 Z-0.400
X2.853 Y0.927 Z-0.400
X2.825 Y1.077 Z-0.400
X2.788 Y1.225 Z-0.400
X2.744 Y1.373 Z-0.400
X2.691 Y1.520 Z-0.400
X2.631 Y1.665 Z-0.400
X2.563 Y1.807 Z-0.400
X2.488 Y1.947 Z-0.400
X2.405 Y2.084 Z-0.400
X2.314 Y2.217 Z-0.400
X2.216 Y2.346 Z-0.400
X2.111 Y2.471 Z-0.400
X1.998 Y2.592 Z-0.400
X1.879 Y2.707 Z-0.400
X1.754 Y2.817 Z-0.400
X1.622 Y2.921 Z-0.400
X1.484 Y3.019 Z-0.400
X1.340 Y3.110 Z-0.400
X1.191 Y3.194 Z-0.400
X1.037 Y3.271 Z-0.400
X0.878 Y3.341 Z-0.400
X0.715 Y3.403 Z-0.400
X0.548 Y3.457 Z-0.400
X0.377 Y3.503 Z-0.400
X0.202 Y3.540 Z-0.400
X0.025 Y3.568 Z-0.400
X-0.154 Y3.588 Z-0.400
X-0.335 Y3.598 Z-0.400
X-0.518 Y3.599 Z-0.400
X-0.701 Y3.591 Z-0.400
X-0.885 Y3.574 Z-0.400
X-1.069 Y3.547 Z-0.400
X-1.253 Y3.511 Z-0.400
X-1.435 Y3.465 Z-0.400
X-1.616 Y3.409 Z-0.400
X-1.795 Y3.344 Z-0.400
X-1.972 Y3.270 Z-0.400
X-2.145 Y3.186 Z-0.400
X-2.315 Y3.093 Z-0.400
X-2.482 Y2.991 Z-0.400
X-2.643 Y2.880 Z-0.400
X-2.800 Y2.760 Z-0.400
X-2.951 Y2.632 Z-0.400
X-3.097 Y2.496 Z-0.400
X-3.236 Y2.351 Z-0.400
X-3.369 Y2.199 Z-0.400
X-3.494 Y2.039 Z-0.400
X-3.611 Y1.873 Z-0.400
X-3.721 Y1.699 Z-0.400
X-3.823 Y1.520 Z-0.400
X-3.915 Y1.334 Z-0.400
X-3.999 Y1.143 Z-0.400
X-4.073 Y0.947 Z-0.400
X-4.138 Y0.747 Z-0.400
X-4.192 Y0.542 Z-0.400
X-4.237 Y0.333 Z-0.400
X-4.271 Y0.122 Z-0.400
X-4.294 Y-0.092 Z-0.400
X-4.307 Y-0.308 Z-0.400
X-4.309 Y-0.526 Z-0.400
X-4.300 Y-0.744 Z-0.400
X-4.279 Y-0.963 Z-0.400
X-4.248 Y-1.182 Z-0.400
X-4.205 Y-1.400 Z-0.400
X-4.151 Y-1.616 Z-0.400
X-4.086 Y-1.831 Z-0.400
X-4.010 Y-2.043 Z-0.400
X-3.922 Y-2.252 Z-0.400
X-3.824 Y-2.457 Z-0.400
X-3.715 Y-2.659 Z-0.400
X-3.595 Y-2.855 Z-0.400
X-3.465 Y-3.046 Z-0.400
X-3.325 Y-3.231 Z-0.400
X-3.175 Y-3.410 Z-0.400
X-3.015 Y-3.582 Z-0.400
X-2.846 Y-3.746 Z-0.400
X-2.668 Y-3.902 Z-0.400
X-2.482 Y-4.050 Z-0.400
X-2.287 Y-4.189 Z-0.400
X-2.085 Y-4.318 Z-0.400
X-1.876 Y-4.438 Z-0.400
X-1.659 Y-4.548 Z-0.400
X-1.437 Y-4.647 Z-0.400
X-1.208 Y-4.735 Z-0.400
X-0.975 Y-4.811 Z-0.400
X-0.737 Y-4.876 Z-0.400
X-0.494 Y-4.930 Z-0.400
X-0.249 Y-4.971 Z-0.400
X-0.000 Y-5.000 Z-0.400
X0.251 Y-5.016 Z-0.400
X0.504 Y-5.020 Z-0.400
X0.757 Y-5.011 Z-0.400
X1.011 Y-4.990 Z-0.400
X1.265 Y-4.955 Z-0.400
X1.517 Y-4.907 Z-0.400
X1.768 Y-4.847 Z-0.400
X2.017 Y-4.773 Z-0.400
X2.263 Y-4.687 Z-0.400
X2.505 Y-4.588 Z-0.400
X2.743 Y-4.476 Z-0.400
X2.976 Y-4.352 Z-0.400
X3.204 Y-4.216 Z-0.400
X3.425 Y-4.069 Z-0.400
X3.639 Y-3.909 Z-0.400
X3.846 Y-3.738 Z-0.400
X4.045 Y-3.556 Z-0.400
X4.236 Y-3.364 Z-0.400
X4.417 Y-3.161 Z-0.400
X4.589 Y-2.949 Z-0.400
X4.750 Y-2.727 Z-0.400
X4.901 Y-2.497 Z-0.400
X5.040 Y-2.258 Z-0.400
X5.168 Y-2.012 Z-0.400
X5.283 Y-1.758 Z-0.400
X5.386 Y-1.498 Z-0.400
X5.477 Y-1.232 Z-0.400
X5.554 Y-0.961 Z-0.400
X5.617 Y-0.685 Z-0.400
X5.667 Y-0.405 Z-0.400
X5.703 Y-0.122 Z-0.400
X5.725 Y0.164 Z-0.400
X5.732 Y0.451 Z-0.400
X5.725 Y0.740 Z-0.400
X5.703 Y1.029 Z-0.400
X5.667 Y1.318 Z-0.400
X5.616 Y1.606 Z-0.400
X5.550 Y1.891 Z-0.400
X5.470 Y2.175 Z-0.400
X5.375 Y2.455 Z-0.400
X5.266 Y2.731 Z-0.400
X5.143 Y3.002 Z-0.400
X5.005 Y3.267 Z-0.400
X4.854 Y3.527 Z-0.400
X4.690 Y3.779 Z-0.400
X4.512 Y4.024 Z-0.400
X4.321 Y4.260 Z-0.400
X4.119 Y4.487 Z-0.400
X3.904 Y4.705 Z-0.400
X3.677 Y4.912 Z-0.400
X3.440 Y5.109 Z-0.400
X3.192 Y5.294 Z-0.400
X2.935 Y5.467 Z-0.400
X2.668 Y5.627 Z-0.400
X2.392 Y5.774 Z-0.400
X2.108 Y5.908 Z-0.400
X1.817 Y6.028 Z-0.400
X1.519 Y6.133 Z-0.400
X1.215 Y6.223 Z-0.400
X0.906 Y6.299 Z-0.400
X0.592 Y6.359 Z-0.400
X0.274 Y6.403 Z-0.400
X-0.046 Y6.432 Z-0.400
X-0.368 Y6.444 Z-0.400
X-0.692 Y6.440 Z-0.400
X-1.017 Y6.420 Z-0.400
X-1.341 Y6.383 Z-0.400
X-1.664 Y6.330 Z-0.400
X-1.985 Y6.261 Z-0.400
X-2.303 Y6.175 Z-0.400
X-2.618 Y6.073 Z-0.400
X-2.928 Y5.955 Z-0.400
X-3.233 Y5.822 Z-0.400
X-3.532 Y5.672 Z-0.400
X-3.824 Y5.507 Z-0.400
X-4.108 Y5.327 Z-0.400
X-4.384 Y5.133 Z-0.400
X-4.650 Y4.924 Z-0.400
X-4.907 Y4.701 Z-0.400
X-5.153 Y4.465 Z-0.400
X-5.387 Y4.216 Z-0.400
X-5.610 Y3.955 Z-0.400
X-5.820 Y3.682 Z-0.400
X-6.016 Y3.397 Z-0.400
X-6.199 Y3.103 Z-0.400
X-6.367 Y2.798 Z-0.400
X-6.520 Y2.485 Z-0.400
X-6.657 Y2.163 Z-0.400
X-6.779 Y1.834 Z-0.400
X-6.884 Y1.498 Z-0.400
X-6.973 Y1.156 Z-0.400
X-7.045 Y0.808 Z-0.400
X-7.099 Y0.457 Z-0.400
X-7.136 Y0.102 Z-0.400
X-7.155 Y-0.256 Z-0.400
X-7.155 Y-0.615 Z-0.400
X-7.138 Y-0.974 Z-0.400
X-7.103 Y-1.334 Z-0.400
X-7.050 Y-1.692 Z-0.400
X-6.978 Y-2.049 Z-0.400
X-6.889 Y-2.403 Z-0.400
X-6.781 Y-2.752 Z-0.400
X-6.656 Y-3.097 Z-0.400
X-6.513 Y-3.436 Z-0.400
X-6.352 Y-3.769 Z-0.400
X-6.175 Y-4.094 Z-0.400
X-5.981 Y-4.411 Z-0.400
X-5.771 Y-4.719 Z-0.400
X-5.545 Y-5.016 Z-0.400
X-5.303 Y-5.303 Z-0.400
X-5.047 Y-5.578 Z-0.400
X-4.776 Y-5.841 Z-0.400
X-4.492 Y-6.091 Z-0.400
X-4.195 Y-6.327 Z-0.400
X-3.885 Y-6.548 Z-0.400
X-3.564 Y-6.754 Z-0.400
X-3.231 Y-6.944 Z-0.400
X-2.889 Y-7.118 Z-0.400
X-2.537 Y-7.275 Z-0.400
X-2.177 Y-7.414 Z-0.400
X-1.809 Y-7.536 Z-0.400
X-1.435 Y-7.639 Z-0.400
X-1.054 Y-7.724 Z-0.400
X-0.669 Y-7.790 Z-0.400
X-0.280 Y-7.836 Z-0.400
X0.112 Y-7.863 Z-0.400
X0.506 Y-7.870 Z-0.400
X0.902 Y-7.858 Z-0.400
X1.297 Y-7.825 Z-0.400
X1.691 Y-7.773 Z-0.400
X2.083 Y-7.701 Z-0.400
X2.472 Y-7.608 Z-0.400
X2.857 Y-7.497 Z-0.400
X3.237 Y-7.365 Z-0.400
X3.611 Y-7.215 Z-0.400
X3.979 Y-7.045 Z-0.400
X4.338 Y-6.857 Z-0.400
X4.688 Y-6.650 Z-0.400
X5.028 Y-6.425 Z-0.400
X5.358 Y-6.183 Z-0.400
X5.676 Y-5.924 Z-0.400
X5.981 Y-5.649 Z-0.400
X6.273 Y-5.358 Z-0.400
X6.551 Y-5.052 Z-0.400
X6.814 Y-4.731 Z-0.400
X7.061 Y-4.397 Z-0.400
X7.292 Y-4.050 Z-0.400
X7.506 Y-3.690 Z-0.400
X7.701 Y-3.320 Z-0.400
X7.879 Y-2.939 Z-0.400
X8.038 Y-2.548 Z-0.400
X8.177 Y-2.149 Z-0.400
X8.296 Y-1.743 Z-0.400
X8.395 Y-1.330 Z-0.400
X8.474 Y-0.911 Z-0.400
X8.532 Y-0.488 Z-0.400
X8.568 Y-0.061 Z-0.400
X8.583 Y0.368 Z-0.400
X8.577 Y0.798 Z-0.400
X8.548 Y1.229 Z-0.400
X8.499 Y1.659 Z-0.400
X8.427 Y2.087 Z-0.400
X8.334 Y2.512 Z-0.400
X8.220 Y2.933 Z-0.400
X8.084 Y3.348 Z-0.400
X7.927 Y3.758 Z-0.400
X7.749 Y4.160 Z-0.400
X7.551 Y4.554 Z-0.400
X7.333 Y4.938 Z-0.400
X7.096 Y5.312 Z-0.400
X6.839 Y5.674 Z-0.400
X6.564 Y6.024 Z-0.400
X6.270 Y6.361 Z-0.400
X5.960 Y6.683 Z-0.400
X5.633 Y6.990 Z-0.400
X5.290 Y7.281 Z-0.400
X4.932 Y7.555 Z-0.400
X4.560 Y7.812 Z-0.400
X4.174 Y8.050 Z-0.400
X3.777 Y8.269 Z-0.400
X3.367 Y8.469 Z-0.400
X2.947 Y8.648 Z-0.400
X2.518 Y8.806 Z-0.400
X2.080 Y8.943 Z-0.400
X1.634 Y9.058 Z-0.400
X1.183 Y9.151 Z-0.400
X0.726 Y9.221 Z-0.400
X0.265 Y9.269 Z-0.400
X-0.199 Y9.293 Z-0.400
X-0.665 Y9.294 Z-0.400
X-1.131 Y9.272 Z-0.400
X-1.597 Y9.226 Z-0.400
X-2.061 Y9.157 Z-0.400
X-2.522 Y9.065 Z-0.400
X-2.979 Y8.949 Z-0.400
X-3.430 Y8.810 Z-0.400
X-3.875 Y8.649 Z-0.400
X-4.313 Y8.465 Z-0.400
X-4.742 Y8.258 Z-0.400
X-5.161 Y8.030 Z-0.400
X-5.569 Y7.781 Z-0.400
X-5.965 Y7.511 Z-0.400
X-6.347 Y7.220 Z-0.400
X-6.716 Y6.911 Z-0.400
X-7.069 Y6.582 Z-0.400
X-7.407 Y6.235 Z-0.400
X-7.727 Y5.871 Z-0.400
X-8.030 Y5.490 Z-0.400
X-8.313 Y5.094 Z-0.400
X-8.577 Y4.684 Z-0.400
X-8.821 Y4.259 Z-0.400
X-9.044 Y3.822 Z-0.400
X-9.245 Y3.373 Z-0.400
X-9.423 Y2.914 Z-0.400
X-9.579 Y2.445 Z-0.400
X-9.712 Y1.968 Z-0.400
X-9.820 Y1.484 Z-0.400
X-9.905 Y0.993 Z-0.400
X-9.965 Y0.498 Z-0.400
X-10.000 Y0.000 Z-0.400
X-10.010 Y-0.501 Z-0.400
X-9.995 Y-1.002 Z-0.400
X-9.955 Y-1.504 Z-0.400
X-9.890 Y-2.004 Z-0.400
X-9.799 Y-2.501 Z-0.400
X-9.684 Y-2.994 Z-0.400
X-9.544 Y-3.482 Z-0.400
X-9.379 Y-3.963 Z-0.400
X-9.189 Y-4.437 Z-0.400
X-8.976 Y-4.901 Z-0.400
X-8.740 Y-5.356 Z-0.400
X-8.480 Y-5.798 Z-0.400
X-8.198 Y-6.229 Z-0.400
X-7.894 Y-6.645 Z-0.400
X-7.568 Y-7.046 Z-0.400
X-7.223 Y-7.432 Z-0.400
X-6.857 Y-7.801 Z-0.400
X-6.473 Y-8.151 Z-0.400
X-6.071 Y-8.483 Z-0.400
X-5.652 Y-8.795 Z-0.400
X-5.217 Y-9.086 Z-0.400
X-4.767 Y-9.356 Z-0.400
X-4.303 Y-9.603 Z-0.400
X-3.826 Y-9.827 Z-0.400
X-3.337 Y-10.027 Z-0.400
X-2.838 Y-10.203 Z-0.400
X-2.330 Y-10.355 Z-0.400
X-1.814 Y-10.481 Z-0.400
X-1.291 Y-10.581 Z-0.400
X-0.762 Y-10.655 Z-0.400
X-0.229 Y-10.702 Z-0.400
X0.306 Y-10.723 Z-0.400
X0.843 Y-10.717 Z-0.400
X1.381 Y-10.684 Z-0.400
X1.917 Y-10.624 Z-0.400
X2.450 Y-10.537 Z-0.400
X2.980 Y-10.423 Z-0.400
X3.504 Y-10.283 Z-0.400
X4.022 Y-10.116 Z-0.400
X4.532 Y-9.923 Z-0.400
X5.032 Y-9.705 Z-0.400
X5.522 Y-9.461 Z-0.400
X6.001 Y-9.192 Z-0.400
X6.466 Y-8.899 Z-0.400
X6.916 Y-8.583 Z-0.400
X7.352 Y-8.243 Z-0.400
X7.770 Y-7.882 Z-0.400
X8.171 Y-7.499 Z-0.400
X8.553 Y-7.096 Z-0.400
X8.915 Y-6.674 Z-0.400
X9.256 Y-6.233 Z-0.400
X9.576 Y-5.774 Z-0.400
X9.872 Y-5.299 Z-0.400
X10.145 Y-4.809 Z-0.400
X10.394 Y-4.305 Z-0.400
X10.617 Y-3.788 Z-0.400
X10.815 Y-3.260 Z-0.400
X10.986 Y-2.721 Z-0.400
X11.131 Y-2.173 Z-0.400
X11.248 Y-1.617 Z-0.400
X11.337 Y-1.055 Z-0.400
X11.399 Y-0.489 Z-0.400
X11.432 Y0.082 Z-0.400
X11.436 Y0.654 Z-0.400
X11.412 Y1.227 Z-0.400
X11.358 Y1.799 Z-0.400
X11.277 Y2.369 Z-0.400
X11.166 Y2.935 Z-0.400
X11.027 Y3.496 Z-0.400
X10.860 Y4.051 Z-0.400
X10.665 Y4.597 Z-0.400
X10.442 Y5.134 Z-0.400
X10.193 Y5.661 Z-0.400
X9.917 Y6.175 Z-0.400
X9.614 Y6.675 Z-0.400
X9.287 Y7.161 Z-0.400
X8.935 Y7.631 Z-0.400
X8.559 Y8.083 Z-0.400
X8.160 Y8.517 Z-0.400
X7.739 Y8.932 Z-0.400
X7.297 Y9.325 Z-0.400
X6.836 Y9.696 Z-0.400
X6.355 Y10.045 Z-0.400
X5.856 Y10.370 Z-0.400
X5.341 Y10.670 Z-0.400
X4.810 Y10.944 Z-0.400
X4.266 Y11.192 Z-0.400
X3.708 Y11.413 Z-0.400
X3.139 Y11.606 Z-0.400
X2.560 Y11.770 Z-0.400
X1.973 Y11.906 Z-0.400
X1.378 Y12.012 Z-0.400
X0.778 Y12.089 Z-0.400
X0.173 Y12.135 Z-0.400
X-0.434 Y12.151 Z-0.400
X-1.042 Y12.137 Z-0.400
X-1.651 Y12.092 Z-0.400
X-2.257 Y12.017 Z-0.400
X-2.860 Y11.912 Z-0.400
X-3.458 Y11.776 Z-0.400
X-4.049 Y11.610 Z-0.400
X-4.633 Y11.414 Z-0.400
X-5.207 Y11.189 Z-0.400
X-5.770 Y10.935 Z-0.400
X-6.320 Y10.652 Z-0.400
X-6.857 Y10.342 Z-0.400
X-7.379 Y10.005 Z-0.400
X-7.884 Y9.642 Z-0.400
X-8.371 Y9.253 Z-0.400
X-8.839 Y8.839 Z-0.400
X-9.286 Y8.401 Z-0.400
X-9.712 Y7.941 Z-0.400
X-10.115 Y7.460 Z-0.400
X-10.494 Y6.958 Z-0.400
X-10.848 Y6.436 Z-0.400
X-11.176 Y5.897 Z-0.400
X-11.477 Y5.341 Z-0.400
X-11.751 Y4.769 Z-0.400
X-11.996 Y4.184 Z-0.400
X-12.212 Y3.586 Z-0.400
X-12.398 Y2.976 Z-0.400
X-12.553 Y2.358 Z-0.400
X-12.678 Y1.731 Z-0.400
X-12.771 Y1.097 Z-0.400
X-12.833 Y0.458 Z-0.400
X-12.862 Y-0.184 Z-0.400
X-12.860 Y-0.828 Z-0.400
X-12.825 Y-1.472 Z-0.400
X-12.758 Y-2.114 Z-0.400
X-12.658 Y-2.754 Z-0.400
X-12.527 Y-3.389 Z-0.400
X-12.364 Y-4.017 Z-0.400
X-12.169 Y-4.638 Z-0.400
X-11.943 Y-5.249 Z-0.400
X-11.686 Y-5.850 Z-0.400
X-11.399 Y-6.437 Z-0.400
X-11.082 Y-7.011 Z-0.400
X-10.737 Y-7.569 Z-0.400
X-10.363 Y-8.110 Z-0.400
X-9.962 Y-8.632 Z-0.400
X-9.535 Y-9.135 Z-0.400
X-9.082 Y-9.616 Z-0.400
X-8.605 Y-10.075 Z-0.400
X-8.105 Y-10.511 Z-0.400
X-7.583 Y-10.921 Z-0.400
X-7.040 Y-11.306 Z-0.400
X-6.477 Y-11.663 Z-0.400
X-5.896 Y-11.993 Z-0.400
X-5.299 Y-12.293 Z-0.400
X-4.686 Y-12.564 Z-0.400
X-4.059 Y-12.804 Z-0.400
X-3.420 Y-13.013 Z-0.400
X-2.771 Y-13.189 Z-0.400
X-2.112 Y-13.334 Z-0.400
X-1.446 Y-13.445 Z-0.400
X-0.773 Y-13.523 Z-0.400
X-0.097 Y-13.568 Z-0.400
X0.582 Y-13.578 Z-0.400
X1.262 Y-13.555 Z-0.400
X1.941 Y-13.498 Z-0.400
X2.617 Y-13.406 Z-0.400
X3.289 Y-13.281 Z-0.400
X3.955 Y-13.122 Z-0.400
X4.613 Y-12.929 Z-0.400
X5.262 Y-12.703 Z-0.400
X5.900 Y-12.445 Z-0.400
X6.525 Y-12.155 Z-0.400
X7.136 Y-11.833 Z-0.400
X7.731 Y-11.481 Z-0.400
X8.308 Y-11.098 Z-0.400
X8.867 Y-10.687 Z-0.400
X9.405 Y-10.247 Z-0.400
X9.921 Y-9.781 Z-0.400
X10.415 Y-9.288 Z-0.400
X10.883 Y-8.770 Z-0.400
X11.326 Y-8.229 Z-0.400
X11.742 Y-7.665 Z-0.400
X12.130 Y-7.081 Z-0.400
X12.489 Y-6.476 Z-0.400
X12.818 Y-5.854 Z-0.400
X13.115 Y-5.214 Z-0.400
X13.381 Y-4.560 Z-0.400
X13.614 Y-3.892 Z-0.400
X13.813 Y-3.212 Z-0.400
X13.979 Y-2.522 Z-0.400
X14.110 Y-1.823 Z-0.400
X14.206 Y-1.118 Z-0.400
X14.267 Y-0.408 Z-0.400
X14.292 Y0.306 Z-0.400
X14.282 Y1.021 Z-0.400
X14.235 Y1.736 Z-0.400
X14.153 Y2.449 Z-0.400
X14.035 Y3.158 Z-0.400
X13.882 Y3.862 Z-0.400
X13.693 Y4.558 Z-0.400
X13.470 Y5.244 Z-0.400
X13.212 Y5.920 Z-0.400
X12.920 Y6.583 Z-0.400
X12.594 Y7.231 Z-0.400
X12.236 Y7.864 Z-0.400
X11.847 Y8.479 Z-0.400
X11.426 Y9.074 Z-0.400
X10.976 Y9.649 Z-0.400
X10.496 Y10.201 Z-0.400
X9.989 Y10.729 Z-0.400
X9.455 Y11.232 Z-0.400
X8.896 Y11.708 Z-0.400
X8.313 Y12.157 Z-0.400
X7.707 Y12.576 Z-0.400
X7.080 Y12.966 Z-0.400
X6.433 Y13.324 Z-0.400
X5.768 Y13.649 Z-0.400
X5.087 Y13.942 Z-0.400
X4.391 Y14.200 Z-0.400
X3.681 Y14.424 Z-0.400
X2.961 Y14.612 Z-0.400
X2.230 Y14.764 Z-0.400
X1.492 Y14.880 Z-0.400
X0.748 Y14.959 Z-0.400
X-0.000 Y15.000 Z-0.400
X-0.751 Y15.004 Z-0.400
X-1.501 Y14.970 Z-0.400
X-2.251 Y14.899 Z-0.400
X-2.997 Y14.790 Z-0.400
X-3.738 Y14.644 Z-0.400
X-4.471 Y14.461 Z-0.400
X-5.196 Y14.241 Z-0.400
X-5.910 Y13.984 Z-0.400
X-6.611 Y13.692 Z-0.400
X-7.298 Y13.365 Z-0.400
X-7.968 Y13.003 Z-0.400
X-8.621 Y12.607 Z-0.400
X-9.253 Y12.179 Z-0.400
X-9.865 Y11.719 Z-0.400
X-10.454 Y11.228 Z-0.400
X-11.018 Y10.707 Z-0.400
X-11.556 Y10.159 Z-0.400
X-12.067 Y9.583 Z-0.400
X-12.549 Y8.981 Z-0.400
X-13.001 Y8.355 Z-0.400
X-13.422 Y7.707 Z-0.400
X-13.811 Y7.037 Z-0.400
X-14.166 Y6.347 Z-0.400
X-14.486 Y5.640 Z-0.400
X-14.771 Y4.916 Z-0.400
X-15.021 Y4.178 Z-0.400
X-15.233 Y3.428 Z-0.400
X-15.407 Y2.666 Z-0.400
X-15.544 Y1.896 Z-0.400
X-15.642 Y1.119 Z-0.400
X-15.701 Y0.336 Z-0.400
X-15.721 Y-0.449 Z-0.400
X-15.701 Y-1.236 Z-0.400
X-15.643 Y-2.022 Z-0.400
X-15.544 Y-2.805 Z-0.400
X-15.407 Y-3.583 Z-0.400
X-15.231 Y-4.354 Z-0.400
X-15.016 Y-5.117 Z-0.400
X-14.762 Y-5.869 Z-0.400
X-14.471 Y-6.609 Z-0.400
X-14.143 Y-7.334 Z-0.400
X-13.779 Y-8.043 Z-0.400
X-13.379 Y-8.734 Z-0.400
X-12.944 Y-9.405 Z-0.400
X-12.476 Y-10.054 Z-0.400
X-11.975 Y-10.680 Z-0.400
X-11.443 Y-11.281 Z-0.400
X-10.880 Y-11.855 Z-0.400
X-10.289 Y-12.401 Z-0.400
X-9.670 Y-12.918 Z-0.400
X-9.025 Y-13.404 Z-0.400
X-8.356 Y-13.857 Z-0.400
X-7.664 Y-14.277 Z-0.400
X-6.951 Y-14.663 Z-0.400
X-6.219 Y-15.013 Z-0.400
X-5.468 Y-15.326 Z-0.400
X-4.702 Y-15.602 Z-0.400
X-3.923 Y-15.840 Z-0.400
X-3.131 Y-16.038 Z-0.400
X-2.329 Y-16.197 Z-0.400
X-1.519 Y-16.316 Z-0.400
X-0.703 Y-16.394 Z-0.400
X0.117 Y-16.431 Z-0.400
X0.939 Y-16.428 Z-0.400
X1.761 Y-16.383 Z-0.400
X2.581 Y-16.297 Z-0.400
X3.397 Y-16.170 Z-0.400
X4.206 Y-16.002 Z-0.400
X5.007 Y-15.793 Z-0.400
X5.798 Y-15.545 Z-0.400
X6.576 Y-15.257 Z-0.400
X7.340 Y-14.929 Z-0.400
X8.088 Y-14.564 Z-0.400
X8.818 Y-14.161 Z-0.400
X9.527 Y-13.721 Z-0.400
X10.214 Y-13.246 Z-0.400
X10.878 Y-12.737 Z-0.400
X11.517 Y-12.194 Z-0.400
X12.128 Y-11.619 Z-0.400
X12.710 Y-11.014 Z-0.400
X13.263 Y-10.379 Z-0.400
X13.783 Y-9.716 Z-0.400
X14.271 Y-9.028 Z-0.400
X14.724 Y-8.315 Z-0.400
X15.141 Y-7.579 Z-0.400
X15.521 Y-6.822 Z-0.400
X15.864 Y-6.046 Z-0.400
X16.168 Y-5.253 Z-0.400
X16.432 Y-4.445 Z-0.400
X16.656 Y-3.623 Z-0.400
X16.839 Y-2.790 Z-0.400
X16.980 Y-1.948 Z-0.400
X17.078 Y-1.099 Z-0.400
X17.135 Y-0.245 Z-0.400
X17.148 Y0.612 Z-0.400
X17.119 Y1.470 Z-0.400
X17.046 Y2.327 Z-0.400
X16.931 Y3.180 Z-0.400
X16.773 Y4.027 Z-0.400
X16.573 Y4.866 Z-0.400
X16.331 Y5.696 Z-0.400
X16.047 Y6.513 Z-0.400
X15.722 Y7.316 Z-0.400
X15.357 Y8.103 Z-0.400
X14.953 Y8.872 Z-0.400
X14.510 Y9.620 Z-0.400
X14.029 Y10.347 Z-0.400
X13.512 Y11.049 Z-0.400
X12.960 Y11.725 Z-0.400
X12.374 Y12.374 Z-0.400
X11.756 Y12.994 Z-0.400
X11.106 Y13.583 Z-0.400
X10.428 Y14.139 Z-0.400
X9.721 Y14.661 Z-0.400
X8.988 Y15.148 Z-0.400
X8.230 Y15.598 Z-0.400
X7.450 Y16.010 Z-0.400
X6.650 Y16.384 Z-0.400
X5.830 Y16.717 Z-0.400
X4.994 Y17.009 Z-0.400
X4.144 Y17.260 Z-0.400
X3.280 Y17.467 Z-0.400
X2.407 Y17.632 Z-0.400
X1.525 Y17.753 Z-0.400
X0.637 Y17.830 Z-0.400
X-0.255 Y17.862 Z-0.400
X-1.149 Y17.849 Z-0.400
X-2.041 Y17.792 Z-0.400
X-2.932 Y17.691 Z-0.400
X-3.817 Y17.544 Z-0.400
X-4.694 Y17.354 Z-0.400
X-5.562 Y17.119 Z-0.400
X-6.419 Y16.841 Z-0.400
X-7.261 Y16.520 Z-0.400
X-8.088 Y16.157 Z-0.400
X-8.896 Y15.753 Z-0.400
X-9.684 Y15.308 Z-0.400
X-10.450 Y14.823 Z-0.400
X-11.191 Y14.301 Z-0.400
X-11.907 Y13.741 Z-0.400
X-12.594 Y13.145 Z-0.400
X-13.251 Y12.515 Z-0.400
X-13.877 Y11.852 Z-0.400
X-14.470 Y11.158 Z-0.400
X-15.028 Y10.434 Z-0.400
X-15.550 Y9.682 Z-0.400
X-16.034 Y8.905 Z-0.400
X-16.479 Y8.102 Z-0.400
X-16.885 Y7.278 Z-0.400
X-17.248 Y6.433 Z-0.400
X-17.570 Y5.570 Z-0.400
X-17.848 Y4.691 Z-0.400
X-18.083 Y3.799 Z-0.400
X-18.272 Y2.894 Z-0.400
X-18.417 Y1.980 Z-0.400
X-18.515 Y1.059 Z-0.400
X-18.568 Y0.133 Z-0.400
X-18.574 Y-0.796 Z-0.400
X-18.534 Y-1.725 Z-0.400
X-18.447 Y-2.652 Z-0.400
X-18.313 Y-3.575 Z-0.400
X-18.134 Y-4.491 Z-0.400
X-17.909 Y-5.398 Z-0.400
X-17.638 Y-6.293 Z-0.400
X-17.323 Y-7.175 Z-0.400
X-16.963 Y-8.042 Z-0.400
X-16.560 Y-8.890 Z-0.400
X-16.115 Y-9.718 Z-0.400
X-15.628 Y-10.523 Z-0.400
X-15.101 Y-11.305 Z-0.400
X-14.535 Y-12.059 Z-0.400
X-13.931 Y-12.786 Z-0.400
X-13.291 Y-13.482 Z-0.400
X-12.616 Y-14.146 Z-0.400
X-11.908 Y-14.776 Z-0.400
X-11.168 Y-15.371 Z-0.400
X-10.398 Y-15.929 Z-0.400
X-9.601 Y-16.448 Z-0.400
X-8.778 Y-16.928 Z-0.400
X-7.931 Y-17.366 Z-0.400
X-7.062 Y-17.761 Z-0.400
X-6.173 Y-18.113 Z-0.400
X-5.266 Y-18.421 Z-0.400
X-4.345 Y-18.683 Z-0.400
X-3.410 Y-18.899 Z-0.400
X-2.464 Y-19.069 Z-0.400
X-1.510 Y-19.191 Z-0.400
X-0.550 Y-19.265 Z-0.400
X0.413 Y-19.291 Z-0.400
X1.378 Y-19.269 Z-0.400
X2.342 Y-19.199 Z-0.400
X3.302 Y-19.080 Z-0.400
X4.256 Y-18.913 Z-0.400
X5.202 Y-18.699 Z-0.400
X6.137 Y-18.437 Z-0.400
X7.058 Y-18.129 Z-0.400
X7.964 Y-17.774 Z-0.400
X8.853 Y-17.375 Z-0.400
X9.721 Y-16.930 Z-0.400
X10.567 Y-16.443 Z-0.400
X11.389 Y-15.913 Z-0.400
X12.183 Y-15.342 Z-0.400
X12.950 Y-14.731 Z-0.400
X13.685 Y-14.082 Z-0.400
X14.388 Y-13.396 Z-0.400
X15.057 Y-12.675 Z-0.400
X15.690 Y-11.921 Z-0.400
X16.284 Y-11.135 Z-0.400
X16.840 Y-10.319 Z-0.400
X17.354 Y-9.476 Z-0.400
X17.826 Y-8.607 Z-0.400
X18.255 Y-7.715 Z-0.400
X18.639 Y-6.801 Z-0.400
X18.977 Y-5.868 Z-0.400
X19.269 Y-4.918 Z-0.400
X19.513 Y-3.954 Z-0.400
X19.708 Y-2.977 Z-0.400
X19.855 Y-1.991 Z-0.400
X19.952 Y-0.998 Z-0.400
X20.000 Y-0.000 Z-0.400

( Pass 3/5 — target Z: -0.600 )
G0 Z5.000
G0 X0.000 Y0.000
G1 Z-0.600 F300
G1 F800
X0.023 Y0.001 Z-0.600
X0.045 Y0.005 Z-0.600
X0.067 Y0.010 Z-0.600
X0.089 Y0.018 Z-0.600
X0.110 Y0.028 Z-0.600
X0.130 Y0.040 Z-0.600
X0.149 Y0.055 Z-0.600
X0.167 Y0.071 Z-0.600
X0.184 Y0.089 Z-0.600
X0.199 Y0.109 Z-0.600
X0.213 Y0.131 Z-0.600
X0.225 Y0.154 Z-0.600
X0.235 Y0.179 Z-0.600
X0.243 Y0.205 Z-0.600
X0.250 Y0.232 Z-0.600
X0.253 Y0.261 Z-0.600
X0.255 Y0.290 Z-0.600
X0.254 Y0.320 Z-0.600
X0.251 Y0.351 Z-0.600
X0.246 Y0.382 Z-0.600
X0.238 Y0.414 Z-0.600
X0.227 Y0.446 Z-0.600
X0.214 Y0.477 Z-0.600
X0.198 Y0.508 Z-0.600
X0.179 Y0.539 Z-0.600
X0.158 Y0.569 Z-0.600
X0.135 Y0.599 Z-0.600
X0.109 Y0.627 Z-0.600
X0.080 Y0.654 Z-0.600
X0.049 Y0.680 Z-0.600
X0.015 Y0.704 Z-0.600
X-0.021 Y0.727 Z-0.600
X-0.059 Y0.748 Z-0.600
X-0.099 Y0.766 Z-0.600
X-0.141 Y0.783 Z-0.600
X-0.185 Y0.797 Z-0.600
X-0.231 Y0.809 Z-0.600
X-0.279 Y0.817 Z-0.600
X-0.327 Y0.824 Z-0.600
X-0.378 Y0.827 Z-0.600
X-0.429 Y0.827 Z-0.600
X-0.481 Y0.824 Z-0.600
X-0.534 Y0.818 Z-0.600
X-0.588 Y0.809 Z-0.600
X-0.642 Y0.796 Z-0.600
X-0.696 Y0.780 Z-0.600
X-0.750 Y0.761 Z-0.600
X-0.804 Y0.738 Z-0.600
X-0.857 Y0.711 Z-0.600
X-0.910 Y0.681 Z-0.600
X-0.961 Y0.647 Z-0.600
X-1.012 Y0.610 Z-0.600
X-1.061 Y0.570 Z-0.600
X-1.109 Y0.526 Z-0.600
X-1.155 Y0.478 Z-0.600
X-1.199 Y0.428 Z-0.600
X-1.240 Y0.374 Z-0.600
X-1.280 Y0.317 Z-0.600
X-1.316 Y0.257 Z-0.600
X-1.350 Y0.194 Z-0.600
X-1.380 Y0.128 Z-0.600
X-1.408 Y0.060 Z-0.600
X-1.432 Y-0.010 Z-0.600
X-1.452 Y-0.083 Z-0.600
X-1.469 Y-0.158 Z-0.600
X-1.482 Y-0.235 Z-0.600
X-1.490 Y-0.313 Z-0.600
X-1.495 Y-0.393 Z-0.600
X-1.495 Y-0.474 Z-0.600
X-1.491 Y-0.556 Z-0.600
X-1.482 Y-0.639 Z-0.600
X-1.468 Y-0.722 Z-0.600
X-1.450 Y-0.805 Z-0.600
X-1.428 Y-0.889 Z-0.600
X-1.400 Y-0.972 Z-0.600
X-1.368 Y-1.055 Z-0.600
X-1.331 Y-1.137 Z-0.600
X-1.289 Y-1.217 Z-0.600
X-1.242 Y-1.296 Z-0.600
X-1.191 Y-1.374 Z-0.600
X-1.135 Y-1.450 Z-0.600
X-1.074 Y-1.523 Z-0.600
X-1.008 Y-1.594 Z-0.600
X-0.939 Y-1.662 Z-0.600
X-0.865 Y-1.727 Z-0.600
X-0.786 Y-1.789 Z-0.600
X-0.704 Y-1.848 Z-0.600
X-0.618 Y-1.902 Z-0.600
X-0.528 Y-1.953 Z-0.600
X-0.435 Y-1.999 Z-0.600
X-0.338 Y-2.040 Z-0.600
X-0.238 Y-2.077 Z-0.600
X-0.136 Y-2.109 Z-0.600
X-0.031 Y-2.136 Z-0.600
X0.077 Y-2.158 Z-0.600
X0.187 Y-2.174 Z-0.600
X0.298 Y-2.184 Z-0.600
X0.411 Y-2.189 Z-0.600
X0.525 Y-2.188 Z-0.600
X0.640 Y-2.181 Z-0.600
X0.756 Y-2.167 Z-0.600
X0.872 Y-2.148 Z-0.600
X0.988 Y-2.122 Z-0.600
X1.103 Y-2.090 Z-0.600
X1.218 Y-2.052 Z-0.600
X1.331 Y-2.008 Z-0.600
X1.443 Y-1.957 Z-0.600
X1.554 Y-1.900 Z-0.600
X1.662 Y-1.837 Z-0.600
X1.768 Y-1.768 Z-0.600
X1.871 Y-1.692 Z-0.600
X1.971 Y-1.611 Z-0.600
X2.067 Y-1.524 Z-0.600
X2.159 Y-1.432 Z-0.600
X2.248 Y-1.334 Z-0.600
X2.332 Y-1.230 Z-0.600
X2.411 Y-1.122 Z-0.600
X2.485 Y-1.009 Z-0.600
X2.554 Y-0.891 Z-0.600
X2.617 Y-0.768 Z-0.600
X2.674 Y-0.642 Z-0.600
X2.725 Y-0.512 Z-0.600
X2.770 Y-0.378 Z-0.600
X2.808 Y-0.241 Z-0.600
X2.839 Y-0.101 Z-0.600
X2.863 Y0.041 Z-0.600
X2.880 Y0.185 Z-0.600
X2.890 Y0.332 Z-0.600
X2.892 Y0.479 Z-0.600
X2.887 Y0.628 Z-0.600
X2.874 Y0.777 Z-0.600
X2.853 Y0.927 Z-0.600
X2.825 Y1.077 Z-0.600
X2.788 Y1.225 Z-0.600
X2.744 Y1.373 Z-0.600
X2.691 Y1.520 Z-0.600
X2.631 Y1.665 Z-0.600
X2.563 Y1.807 Z-0.600
X2.488 Y1.947 Z-0.600
X2.405 Y2.084 Z-0.600
X2.314 Y2.217 Z-0.600
X2.216 Y2.346 Z-0.600
X2.111 Y2.471 Z-0.600
X1.998 Y2.592 Z-0.600
X1.879 Y2.707 Z-0.600
X1.754 Y2.817 Z-0.600
X1.622 Y2.921 Z-0.600
X1.484 Y3.019 Z-0.600
X1.340 Y3.110 Z-0.600
X1.191 Y3.194 Z-0.600
X1.037 Y3.271 Z-0.600
X0.878 Y3.341 Z-0.600
X0.715 Y3.403 Z-0.600
X0.548 Y3.457 Z-0.600
X0.377 Y3.503 Z-0.600
X0.202 Y3.540 Z-0.600
X0.025 Y3.568 Z-0.600
X-0.154 Y3.588 Z-0.600
X-0.335 Y3.598 Z-0.600
X-0.518 Y3.599 Z-0.600
X-0.701 Y3.591 Z-0.600
X-0.885 Y3.574 Z-0.600
X-1.069 Y3.547 Z-0.600
X-1.253 Y3.511 Z-0.600
X-1.435 Y3.465 Z-0.600
X-1.616 Y3.409 Z-0.600
X-1.795 Y3.344 Z-0.600
X-1.972 Y3.270 Z-0.600
X-2.145 Y3.186 Z-0.600
X-2.315 Y3.093 Z-0.600
X-2.482 Y2.991 Z-0.600
X-2.643 Y2.880 Z-0.600
X-2.800 Y2.760 Z-0.600
X-2.951 Y2.632 Z-0.600
X-3.097 Y2.496 Z-0.600
X-3.236 Y2.351 Z-0.600
X-3.369 Y2.199 Z-0.600
X-3.494 Y2.039 Z-0.600
X-3.611 Y1.873 Z-0.600
X-3.721 Y1.699 Z-0.600
X-3.823 Y1.520 Z-0.600
X-3.915 Y1.334 Z-0.600
X-3.999 Y1.143 Z-0.600
X-4.073 Y0.947 Z-0.600
X-4.138 Y0.747 Z-0.600
X-4.192 Y0.542 Z-0.600
X-4.237 Y0.333 Z-0.600
X-4.271 Y0.122 Z-0.600
X-4.294 Y-0.092 Z-0.600
X-4.307 Y-0.308 Z-0.600
X-4.309 Y-0.526 Z-0.600
X-4.300 Y-0.744 Z-0.600
X-4.279 Y-0.963 Z-0.600
X-4.248 Y-1.182 Z-0.600
X-4.205 Y-1.400 Z-0.600
X-4.151 Y-1.616 Z-0.600
X-4.086 Y-1.831 Z-0.600
X-4.010 Y-2.043 Z-0.600
X-3.922 Y-2.252 Z-0.600
X-3.824 Y-2.457 Z-0.600
X-3.715 Y-2.659 Z-0.600
X-3.595 Y-2.855 Z-0.600
X-3.465 Y-3.046 Z-0.600
X-3.325 Y-3.231 Z-0.600
X-3.175 Y-3.410 Z-0.600
X-3.015 Y-3.582 Z-0.600
X-2.846 Y-3.746 Z-0.600
X-2.668 Y-3.902 Z-0.600
X-2.482 Y-4.050 Z-0.600
X-2.287 Y-4.189 Z-0.600
X-2.085 Y-4.318 Z-0.600
X-1.876 Y-4.438 Z-0.600
X-1.659 Y-4.548 Z-0.600
X-1.437 Y-4.647 Z-0.600
X-1.208 Y-4.735 Z-0.600
X-0.975 Y-4.811 Z-0.600
X-0.737 Y-4.876 Z-0.600
X-0.494 Y-4.930 Z-0.600
X-0.249 Y-4.971 Z-0.600
X-0.000 Y-5.000 Z-0.600
X0.251 Y-5.016 Z-0.600
X0.504 Y-5.020 Z-0.600
X0.757 Y-5.011 Z-0.600
X1.011 Y-4.990 Z-0.600
X1.265 Y-4.955 Z-0.600
X1.517 Y-4.907 Z-0.600
X1.768 Y-4.847 Z-0.600
X2.017 Y-4.773 Z-0.600
X2.263 Y-4.687 Z-0.600
X2.505 Y-4.588 Z-0.600
X2.743 Y-4.476 Z-0.600
X2.976 Y-4.352 Z-0.600
X3.204 Y-4.216 Z-0.600
X3.425 Y-4.069 Z-0.600
X3.639 Y-3.909 Z-0.600
X3.846 Y-3.738 Z-0.600
X4.045 Y-3.556 Z-0.600
X4.236 Y-3.364 Z-0.600
X4.417 Y-3.161 Z-0.600
X4.589 Y-2.949 Z-0.600
X4.750 Y-2.727 Z-0.600
X4.901 Y-2.497 Z-0.600
X5.040 Y-2.258 Z-0.600
X5.168 Y-2.012 Z-0.600
X5.283 Y-1.758 Z-0.600
X5.386 Y-1.498 Z-0.600
X5.477 Y-1.232 Z-0.600
X5.554 Y-0.961 Z-0.600
X5.617 Y-0.685 Z-0.600
X5.667 Y-0.405 Z-0.600
X5.703 Y-0.122 Z-0.600
X5.725 Y0.164 Z-0.600
X5.732 Y0.451 Z-0.600
X5.725 Y0.740 Z-0.600
X5.703 Y1.029 Z-0.600
X5.667 Y1.318 Z-0.600
X5.616 Y1.606 Z-0.600
X5.550 Y1.891 Z-0.600
X5.470 Y2.175 Z-0.600
X5.375 Y2.455 Z-0.600
X5.266 Y2.731 Z-0.600
X5.143 Y3.002 Z-0.600
X5.005 Y3.267 Z-0.600
X4.854 Y3.527 Z-0.600
X4.690 Y3.779 Z-0.600
X4.512 Y4.024 Z-0.600
X4.321 Y4.260 Z-0.600
X4.119 Y4.487 Z-0.600
X3.904 Y4.705 Z-0.600
X3.677 Y4.912 Z-0.600
X3.440 Y5.109 Z-0.600
X3.192 Y5.294 Z-0.600
X2.935 Y5.467 Z-0.600
X2.668 Y5.627 Z-0.600
X2.392 Y5.774 Z-0.600
X2.108 Y5.908 Z-0.600
X1.817 Y6.028 Z-0.600
X1.519 Y6.133 Z-0.600
X1.215 Y6.223 Z-0.600
X0.906 Y6.299 Z-0.600
X0.592 Y6.359 Z-0.600
X0.274 Y6.403 Z-0.600
X-0.046 Y6.432 Z-0.600
X-0.368 Y6.444 Z-0.600
X-0.692 Y6.440 Z-0.600
X-1.017 Y6.420 Z-0.600
X-1.341 Y6.383 Z-0.600
X-1.664 Y6.330 Z-0.600
X-1.985 Y6.261 Z-0.600
X-2.303 Y6.175 Z-0.600
X-2.618 Y6.073 Z-0.600
X-2.928 Y5.955 Z-0.600
X-3.233 Y5.822 Z-0.600
X-3.532 Y5.672 Z-0.600
X-3.824 Y5.507 Z-0.600
X-4.108 Y5.327 Z-0.600
X-4.384 Y5.133 Z-0.600
X-4.650 Y4.924 Z-0.600
X-4.907 Y4.701 Z-0.600
X-5.153 Y4.465 Z-0.600
X-5.387 Y4.216 Z-0.600
X-5.610 Y3.955 Z-0.600
X-5.820 Y3.682 Z-0.600
X-6.016 Y3.397 Z-0.600
X-6.199 Y3.103 Z-0.600
X-6.367 Y2.798 Z-0.600
X-6.520 Y2.485 Z-0.600
X-6.657 Y2.163 Z-0.600
X-6.779 Y1.834 Z-0.600
X-6.884 Y1.498 Z-0.600
X-6.973 Y1.156 Z-0.600
X-7.045 Y0.808 Z-0.600
X-7.099 Y0.457 Z-0.600
X-7.136 Y0.102 Z-0.600
X-7.155 Y-0.256 Z-0.600
X-7.155 Y-0.615 Z-0.600
X-7.138 Y-0.974 Z-0.600
X-7.103 Y-1.334 Z-0.600
X-7.050 Y-1.692 Z-0.600
X-6.978 Y-2.049 Z-0.600
X-6.889 Y-2.403 Z-0.600
X-6.781 Y-2.752 Z-0.600
X-6.656 Y-3.097 Z-0.600
X-6.513 Y-3.436 Z-0.600
X-6.352 Y-3.769 Z-0.600
X-6.175 Y-4.094 Z-0.600
X-5.981 Y-4.411 Z-0.600
X-5.771 Y-4.719 Z-0.600
X-5.545 Y-5.016 Z-0.600
X-5.303 Y-5.303 Z-0.600
X-5.047 Y-5.578 Z-0.600
X-4.776 Y-5.841 Z-0.600
X-4.492 Y-6.091 Z-0.600
X-4.195 Y-6.327 Z-0.600
X-3.885 Y-6.548 Z-0.600
X-3.564 Y-6.754 Z-0.600
X-3.231 Y-6.944 Z-0.600
X-2.889 Y-7.118 Z-0.600
X-2.537 Y-7.275 Z-0.600
X-2.177 Y-7.414 Z-0.600
X-1.809 Y-7.536 Z-0.600
X-1.435 Y-7.639 Z-0.600
X-1.054 Y-7.724 Z-0.600
X-0.669 Y-7.790 Z-0.600
X-0.280 Y-7.836 Z-0.600
X0.112 Y-7.863 Z-0.600
X0.506 Y-7.870 Z-0.600
X0.902 Y-7.858 Z-0.600
X1.297 Y-7.825 Z-0.600
X1.691 Y-7.773 Z-0.600
X2.083 Y-7.701 Z-0.600
X2.472 Y-7.608 Z-0.600
X2.857 Y-7.497 Z-0.600
X3.237 Y-7.365 Z-0.600
X3.611 Y-7.215 Z-0.600
X3.979 Y-7.045 Z-0.600
X4.338 Y-6.857 Z-0.600
X4.688 Y-6.650 Z-0.600
X5.028 Y-6.425 Z-0.600
X5.358 Y-6.183 Z-0.600
X5.676 Y-5.924 Z-0.600
X5.981 Y-5.649 Z-0.600
X6.273 Y-5.358 Z-0.600
X6.551 Y-5.052 Z-0.600
X6.814 Y-4.731 Z-0.600
X7.061 Y-4.397 Z-0.600
X7.292 Y-4.050 Z-0.600
X7.506 Y-3.690 Z-0.600
X7.701 Y-3.320 Z-0.600
X7.879 Y-2.939 Z-0.600
X8.038 Y-2.548 Z-0.600
X8.177 Y-2.149 Z-0.600
X8.296 Y-1.743 Z-0.600
X8.395 Y-1.330 Z-0.600
X8.474 Y-0.911 Z-0.600
X8.532 Y-0.488 Z-0.600
X8.568 Y-0.061 Z-0.600
X8.583 Y0.368 Z-0.600
X8.577 Y0.798 Z-0.600
X8.548 Y1.229 Z-0.600
X8.499 Y1.659 Z-0.600
X8.427 Y2.087 Z-0.600
X8.334 Y2.512 Z-0.600
X8.220 Y2.933 Z-0.600
X8.084 Y3.348 Z-0.600
X7.927 Y3.758 Z-0.600
X7.749 Y4.160 Z-0.600
X7.551 Y4.554 Z-0.600
X7.333 Y4.938 Z-0.600
X7.096 Y5.312 Z-0.600
X6.839 Y5.674 Z-0.600
X6.564 Y6.024 Z-0.600
X6.270 Y6.361 Z-0.600
X5.960 Y6.683 Z-0.600
X5.633 Y6.990 Z-0.600
X5.290 Y7.281 Z-0.600
X4.932 Y7.555 Z-0.600
X4.560 Y7.812 Z-0.600
X4.174 Y8.050 Z-0.600
X3.777 Y8.269 Z-0.600
X3.367 Y8.469 Z-0.600
X2.947 Y8.648 Z-0.600
X2.518 Y8.806 Z-0.600
X2.080 Y8.943 Z-0.600
X1.634 Y9.058 Z-0.600
X1.183 Y9.151 Z-0.600
X0.726 Y9.221 Z-0.600
X0.265 Y9.269 Z-0.600
X-0.199 Y9.293 Z-0.600
X-0.665 Y9.294 Z-0.600
X-1.131 Y9.272 Z-0.600
X-1.597 Y9.226 Z-0.600
X-2.061 Y9.157 Z-0.600
X-2.522 Y9.065 Z-0.600
X-2.979 Y8.949 Z-0.600
X-3.430 Y8.810 Z-0.600
X-3.875 Y8.649 Z-0.600
X-4.313 Y8.465 Z-0.600
X-4.742 Y8.258 Z-0.600
X-5.161 Y8.030 Z-0.600
X-5.569 Y7.781 Z-0.600
X-5.965 Y7.511 Z-0.600
X-6.347 Y7.220 Z-0.600
X-6.716 Y6.911 Z-0.600
X-7.069 Y6.582 Z-0.600
X-7.407 Y6.235 Z-0.600
X-7.727 Y5.871 Z-0.600
X-8.030 Y5.490 Z-0.600
X-8.313 Y5.094 Z-0.600
X-8.577 Y4.684 Z-0.600
X-8.821 Y4.259 Z-0.600
X-9.044 Y3.822 Z-0.600
X-9.245 Y3.373 Z-0.600
X-9.423 Y2.914 Z-0.600
X-9.579 Y2.445 Z-0.600
X-9.712 Y1.968 Z-0.600
X-9.820 Y1.484 Z-0.600
X-9.905 Y0.993 Z-0.600
X-9.965 Y0.498 Z-0.600
X-10.000 Y0.000 Z-0.600
X-10.010 Y-0.501 Z-0.600
X-9.995 Y-1.002 Z-0.600
X-9.955 Y-1.504 Z-0.600
X-9.890 Y-2.004 Z-0.600
X-9.799 Y-2.501 Z-0.600
X-9.684 Y-2.994 Z-0.600
X-9.544 Y-3.482 Z-0.600
X-9.379 Y-3.963 Z-0.600
X-9.189 Y-4.437 Z-0.600
X-8.976 Y-4.901 Z-0.600
X-8.740 Y-5.356 Z-0.600
X-8.480 Y-5.798 Z-0.600
X-8.198 Y-6.229 Z-0.600
X-7.894 Y-6.645 Z-0.600
X-7.568 Y-7.046 Z-0.600
X-7.223 Y-7.432 Z-0.600
X-6.857 Y-7.801 Z-0.600
X-6.473 Y-8.151 Z-0.600
X-6.071 Y-8.483 Z-0.600
X-5.652 Y-8.795 Z-0.600
X-5.217 Y-9.086 Z-0.600
X-4.767 Y-9.356 Z-0.600
X-4.303 Y-9.603 Z-0.600
X-3.826 Y-9.827 Z-0.600
X-3.337 Y-10.027 Z-0.600
X-2.838 Y-10.203 Z-0.600
X-2.330 Y-10.355 Z-0.600
X-1.814 Y-10.481 Z-0.600
X-1.291 Y-10.581 Z-0.600
X-0.762 Y-10.655 Z-0.600
X-0.229 Y-10.702 Z-0.600
X0.306 Y-10.723 Z-0.600
X0.843 Y-10.717 Z-0.600
X1.381 Y-10.684 Z-0.600
X1.917 Y-10.624 Z-0.600
X2.450 Y-10.537 Z-0.600
X2.980 Y-10.423 Z-0.600
X3.504 Y-10.283 Z-0.600
X4.022 Y-10.116 Z-0.600
X4.532 Y-9.923 Z-0.600
X5.032 Y-9.705 Z-0.600
X5.522 Y-9.461 Z-0.600
X6.001 Y-9.192 Z-0.600
X6.466 Y-8.899 Z-0.600
X6.916 Y-8.583 Z-0.600
X7.352 Y-8.243 Z-0.600
X7.770 Y-7.882 Z-0.600
X8.171 Y-7.499 Z-0.600
X8.553 Y-7.096 Z-0.600
X8.915 Y-6.674 Z-0.600
X9.256 Y-6.233 Z-0.600
X9.576 Y-5.774 Z-0.600
X9.872 Y-5.299 Z-0.600
X10.145 Y-4.809 Z-0.600
X10.394 Y-4.305 Z-0.600
X10.617 Y-3.788 Z-0.600
X10.815 Y-3.260 Z-0.600
X10.986 Y-2.721 Z-0.600
X11.131 Y-2.173 Z-0.600
X11.248 Y-1.617 Z-0.600
X11.337 Y-1.055 Z-0.600
X11.399 Y-0.489 Z-0.600
X11.432 Y0.082 Z-0.600
X11.436 Y0.654 Z-0.600
X11.412 Y1.227 Z-0.600
X11.358 Y1.799 Z-0.600
X11.277 Y2.369 Z-0.600
X11.166 Y2.935 Z-0.600
X11.027 Y3.496 Z-0.600
X10.860 Y4.051 Z-0.600
X10.665 Y4.597 Z-0.600
X10.442 Y5.134 Z-0.600
X10.193 Y5.661 Z-0.600
X9.917 Y6.175 Z-0.600
X9.614 Y6.675 Z-0.600
X9.287 Y7.161 Z-0.600
X8.935 Y7.631 Z-0.600
X8.559 Y8.083 Z-0.600
X8.160 Y8.517 Z-0.600
X7.739 Y8.932 Z-0.600
X7.297 Y9.325 Z-0.600
X6.836 Y9.696 Z-0.600
X6.355 Y10.045 Z-0.600
X5.856 Y10.370 Z-0.600
X5.341 Y10.670 Z-0.600
X4.810 Y10.944 Z-0.600
X4.266 Y11.192 Z-0.600
X3.708 Y11.413 Z-0.600
X3.139 Y11.606 Z-0.600
X2.560 Y11.770 Z-0.600
X1.973 Y11.906 Z-0.600
X1.378 Y12.012 Z-0.600
X0.778 Y12.089 Z-0.600
X0.173 Y12.135 Z-0.600
X-0.434 Y12.151 Z-0.600
X-1.042 Y12.137 Z-0.600
X-1.651 Y12.092 Z-0.600
X-2.257 Y12.017 Z-0.600
X-2.860 Y11.912 Z-0.600
X-3.458 Y11.776 Z-0.600
X-4.049 Y11.610 Z-0.600
X-4.633 Y11.414 Z-0.600
X-5.207 Y11.189 Z-0.600
X-5.770 Y10.935 Z-0.600
X-6.320 Y10.652 Z-0.600
X-6.857 Y10.342 Z-0.600
X-7.379 Y10.005 Z-0.600
X-7.884 Y9.642 Z-0.600
X-8.371 Y9.253 Z-0.600
X-8.839 Y8.839 Z-0.600
X-9.286 Y8.401 Z-0.600
X-9.712 Y7.941 Z-0.600
X-10.115 Y7.460 Z-0.600
X-10.494 Y6.958 Z-0.600
X-10.848 Y6.436 Z-0.600
X-11.176 Y5.897 Z-0.600
X-11.477 Y5.341 Z-0.600
X-11.751 Y4.769 Z-0.600
X-11.996 Y4.184 Z-0.600
X-12.212 Y3.586 Z-0.600
X-12.398 Y2.976 Z-0.600
X-12.553 Y2.358 Z-0.600
X-12.678 Y1.731 Z-0.600
X-12.771 Y1.097 Z-0.600
X-12.833 Y0.458 Z-0.600
X-12.862 Y-0.184 Z-0.600
X-12.860 Y-0.828 Z-0.600
X-12.825 Y-1.472 Z-0.600
X-12.758 Y-2.114 Z-0.600
X-12.658 Y-2.754 Z-0.600
X-12.527 Y-3.389 Z-0.600
X-12.364 Y-4.017 Z-0.600
X-12.169 Y-4.638 Z-0.600
X-11.943 Y-5.249 Z-0.600
X-11.686 Y-5.850 Z-0.600
X-11.399 Y-6.437 Z-0.600
X-11.082 Y-7.011 Z-0.600
X-10.737 Y-7.569 Z-0.600
X-10.363 Y-8.110 Z-0.600
X-9.962 Y-8.632 Z-0.600
X-9.535 Y-9.135 Z-0.600
X-9.082 Y-9.616 Z-0.600
X-8.605 Y-10.075 Z-0.600
X-8.105 Y-10.511 Z-0.600
X-7.583 Y-10.921 Z-0.600
X-7.040 Y-11.306 Z-0.600
X-6.477 Y-11.663 Z-0.600
X-5.896 Y-11.993 Z-0.600
X-5.299 Y-12.293 Z-0.600
X-4.686 Y-12.564 Z-0.600
X-4.059 Y-12.804 Z-0.600
X-3.420 Y-13.013 Z-0.600
X-2.771 Y-13.189 Z-0.600
X-2.112 Y-13.334 Z-0.600
X-1.446 Y-13.445 Z-0.600
X-0.773 Y-13.523 Z-0.600
X-0.097 Y-13.568 Z-0.600
X0.582 Y-13.578 Z-0.600
X1.262 Y-13.555 Z-0.600
X1.941 Y-13.498 Z-0.600
X2.617 Y-13.406 Z-0.600
X3.289 Y-13.281 Z-0.600
X3.955 Y-13.122 Z-0.600
X4.613 Y-12.929 Z-0.600
X5.262 Y-12.703 Z-0.600
X5.900 Y-12.445 Z-0.600
X6.525 Y-12.155 Z-0.600
X7.136 Y-11.833 Z-0.600
X7.731 Y-11.481 Z-0.600
X8.308 Y-11.098 Z-0.600
X8.867 Y-10.687 Z-0.600
X9.405 Y-10.247 Z-0.600
X9.921 Y-9.781 Z-0.600
X10.415 Y-9.288 Z-0.600
X10.883 Y-8.770 Z-0.600
X11.326 Y-8.229 Z-0.600
X11.742 Y-7.665 Z-0.600
X12.130 Y-7.081 Z-0.600
X12.489 Y-6.476 Z-0.600
X12.818 Y-5.854 Z-0.600
X13.115 Y-5.214 Z-0.600
X13.381 Y-4.560 Z-0.600
X13.614 Y-3.892 Z-0.600
X13.813 Y-3.212 Z-0.600
X13.979 Y-2.522 Z-0.600
X14.110 Y-1.823 Z-0.600
X14.206 Y-1.118 Z-0.600
X14.267 Y-0.408 Z-0.600
X14.292 Y0.306 Z-0.600
X14.282 Y1.021 Z-0.600
X14.235 Y1.736 Z-0.600
X14.153 Y2.449 Z-0.600
X14.035 Y3.158 Z-0.600
X13.882 Y3.862 Z-0.600
X13.693 Y4.558 Z-0.600
X13.470 Y5.244 Z-0.600
X13.212 Y5.920 Z-0.600
X12.920 Y6.583 Z-0.600
X12.594 Y7.231 Z-0.600
X12.236 Y7.864 Z-0.600
X11.847 Y8.479 Z-0.600
X11.426 Y9.074 Z-0.600
X10.976 Y9.649 Z-0.600
X10.496 Y10.201 Z-0.600
X9.989 Y10.729 Z-0.600
X9.455 Y11.232 Z-0.600
X8.896 Y11.708 Z-0.600
X8.313 Y12.157 Z-0.600
X7.707 Y12.576 Z-0.600
X7.080 Y12.966 Z-0.600
X6.433 Y13.324 Z-0.600
X5.768 Y13.649 Z-0.600
X5.087 Y13.942 Z-0.600
X4.391 Y14.200 Z-0.600
X3.681 Y14.424 Z-0.600
X2.961 Y14.612 Z-0.600
X2.230 Y14.764 Z-0.600
X1.492 Y14.880 Z-0.600
X0.748 Y14.959 Z-0.600
X-0.000 Y15.000 Z-0.600
X-0.751 Y15.004 Z-0.600
X-1.501 Y14.970 Z-0.600
X-2.251 Y14.899 Z-0.600
X-2.997 Y14.790 Z-0.600
X-3.738 Y14.644 Z-0.600
X-4.471 Y14.461 Z-0.600
X-5.196 Y14.241 Z-0.600
X-5.910 Y13.984 Z-0.600
X-6.611 Y13.692 Z-0.600
X-7.298 Y13.365 Z-0.600
X-7.968 Y13.003 Z-0.600
X-8.621 Y12.607 Z-0.600
X-9.253 Y12.179 Z-0.600
X-9.865 Y11.719 Z-0.600
X-10.454 Y11.228 Z-0.600
X-11.018 Y10.707 Z-0.600
X-11.556 Y10.159 Z-0.600
X-12.067 Y9.583 Z-0.600
X-12.549 Y8.981 Z-0.600
X-13.001 Y8.355 Z-0.600
X-13.422 Y7.707 Z-0.600
X-13.811 Y7.037 Z-0.600
X-14.166 Y6.347 Z-0.600
X-14.486 Y5.640 Z-0.600
X-14.771 Y4.916 Z-0.600
X-15.021 Y4.178 Z-0.600
X-15.233 Y3.428 Z-0.600
X-15.407 Y2.666 Z-0.600
X-15.544 Y1.896 Z-0.600
X-15.642 Y1.119 Z-0.600
X-15.701 Y0.336 Z-0.600
X-15.721 Y-0.449 Z-0.600
X-15.701 Y-1.236 Z-0.600
X-15.643 Y-2.022 Z-0.600
X-15.544 Y-2.805 Z-0.600
X-15.407 Y-3.583 Z-0.600
X-15.231 Y-4.354 Z-0.600
X-15.016 Y-5.117 Z-0.600
X-14.762 Y-5.869 Z-0.600
X-14.471 Y-6.609 Z-0.600
X-14.143 Y-7.334 Z-0.600
X-13.779 Y-8.043 Z-0.600
X-13.379 Y-8.734 Z-0.600
X-12.944 Y-9.405 Z-0.600
X-12.476 Y-10.054 Z-0.600
X-11.975 Y-10.680 Z-0.600
X-11.443 Y-11.281 Z-0.600
X-10.880 Y-11.855 Z-0.600
X-10.289 Y-12.401 Z-0.600
X-9.670 Y-12.918 Z-0.600
X-9.025 Y-13.404 Z-0.600
X-8.356 Y-13.857 Z-0.600
X-7.664 Y-14.277 Z-0.600
X-6.951 Y-14.663 Z-0.600
X-6.219 Y-15.013 Z-0.600
X-5.468 Y-15.326 Z-0.600
X-4.702 Y-15.602 Z-0.600
X-3.923 Y-15.840 Z-0.600
X-3.131 Y-16.038 Z-0.600
X-2.329 Y-16.197 Z-0.600
X-1.519 Y-16.316 Z-0.600
X-0.703 Y-16.394 Z-0.600
X0.117 Y-16.431 Z-0.600
X0.939 Y-16.428 Z-0.600
X1.761 Y-16.383 Z-0.600
X2.581 Y-16.297 Z-0.600
X3.397 Y-16.170 Z-0.600
X4.206 Y-16.002 Z-0.600
X5.007 Y-15.793 Z-0.600
X5.798 Y-15.545 Z-0.600
X6.576 Y-15.257 Z-0.600
X7.340 Y-14.929 Z-0.600
X8.088 Y-14.564 Z-0.600
X8.818 Y-14.161 Z-0.600
X9.527 Y-13.721 Z-0.600
X10.214 Y-13.246 Z-0.600
X10.878 Y-12.737 Z-0.600
X11.517 Y-12.194 Z-0.600
X12.128 Y-11.619 Z-0.600
X12.710 Y-11.014 Z-0.600
X13.263 Y-10.379 Z-0.600
X13.783 Y-9.716 Z-0.600
X14.271 Y-9.028 Z-0.600
X14.724 Y-8.315 Z-0.600
X15.141 Y-7.579 Z-0.600
X15.521 Y-6.822 Z-0.600
X15.864 Y-6.046 Z-0.600
X16.168 Y-5.253 Z-0.600
X16.432 Y-4.445 Z-0.600
X16.656 Y-3.623 Z-0.600
X16.839 Y-2.790 Z-0.600
X16.980 Y-1.948 Z-0.600
X17.078 Y-1.099 Z-0.600
X17.135 Y-0.245 Z-0.600
X17.148 Y0.612 Z-0.600
X17.119 Y1.470 Z-0.600
X17.046 Y2.327 Z-0.600
X16.931 Y3.180 Z-0.600
X16.773 Y4.027 Z-0.600
X16.573 Y4.866 Z-0.600
X16.331 Y5.696 Z-0.600
X16.047 Y6.513 Z-0.600
X15.722 Y7.316 Z-0.600
X15.357 Y8.103 Z-0.600
X14.953 Y8.872 Z-0.600
X14.510 Y9.620 Z-0.600
X14.029 Y10.347 Z-0.600
X13.512 Y11.049 Z-0.600
X12.960 Y11.725 Z-0.600
X12.374 Y12.374 Z-0.600
X11.756 Y12.994 Z-0.600
X11.106 Y13.583 Z-0.600
X10.428 Y14.139 Z-0.600
X9.721 Y14.661 Z-0.600
X8.988 Y15.148 Z-0.600
X8.230 Y15.598 Z-0.600
X7.450 Y16.010 Z-0.600
X6.650 Y16.384 Z-0.600
X5.830 Y16.717 Z-0.600
X4.994 Y17.009 Z-0.600
X4.144 Y17.260 Z-0.600
X3.280 Y17.467 Z-0.600
X2.407 Y17.632 Z-0.600
X1.525 Y17.753 Z-0.600
X0.637 Y17.830 Z-0.600
X-0.255 Y17.862 Z-0.600
X-1.149 Y17.849 Z-0.600
X-2.041 Y17.792 Z-0.600
X-2.932 Y17.691 Z-0.600
X-3.817 Y17.544 Z-0.600
X-4.694 Y17.354 Z-0.600
X-5.562 Y17.119 Z-0.600
X-6.419 Y16.841 Z-0.600
X-7.261 Y16.520 Z-0.600
X-8.088 Y16.157 Z-0.600
X-8.896 Y15.753 Z-0.600
X-9.684 Y15.308 Z-0.600
X-10.450 Y14.823 Z-0.600
X-11.191 Y14.301 Z-0.600
X-11.907 Y13.741 Z-0.600
X-12.594 Y13.145 Z-0.600
X-13.251 Y12.515 Z-0.600
X-13.877 Y11.852 Z-0.600
X-14.470 Y11.158 Z-0.600
X-15.028 Y10.434 Z-0.600
X-15.550 Y9.682 Z-0.600
X-16.034 Y8.905 Z-0.600
X-16.479 Y8.102 Z-0.600
X-16.885 Y7.278 Z-0.600
X-17.248 Y6.433 Z-0.600
X-17.570 Y5.570 Z-0.600
X-17.848 Y4.691 Z-0.600
X-18.083 Y3.799 Z-0.600
X-18.272 Y2.894 Z-0.600
X-18.417 Y1.980 Z-0.600
X-18.515 Y1.059 Z-0.600
X-18.568 Y0.133 Z-0.600
X-18.574 Y-0.796 Z-0.600
X-18.534 Y-1.725 Z-0.600
X-18.447 Y-2.652 Z-0.600
X-18.313 Y-3.575 Z-0.600
X-18.134 Y-4.491 Z-0.600
X-17.909 Y-5.398 Z-0.600
X-17.638 Y-6.293 Z-0.600
X-17.323 Y-7.175 Z-0.600
X-16.963 Y-8.042 Z-0.600
X-16.560 Y-8.890 Z-0.600
X-16.115 Y-9.718 Z-0.600
X-15.628 Y-10.523 Z-0.600
X-15.101 Y-11.305 Z-0.600
X-14.535 Y-12.059 Z-0.600
X-13.931 Y-12.786 Z-0.600
X-13.291 Y-13.482 Z-0.600
X-12.616 Y-14.146 Z-0.600
X-11.908 Y-14.776 Z-0.600
X-11.168 Y-15.371 Z-0.600
X-10.398 Y-15.929 Z-0.600
X-9.601 Y-16.448 Z-0.600
X-8.778 Y-16.928 Z-0.600
X-7.931 Y-17.366 Z-0.600
X-7.062 Y-17.761 Z-0.600
X-6.173 Y-18.113 Z-0.600
X-5.266 Y-18.421 Z-0.600
X-4.345 Y-18.683 Z-0.600
X-3.410 Y-18.899 Z-0.600
X-2.464 Y-19.069 Z-0.600
X-1.510 Y-19.191 Z-0.600
X-0.550 Y-19.265 Z-0.600
X0.413 Y-19.291 Z-0.600
X1.378 Y-19.269 Z-0.600
X2.342 Y-19.199 Z-0.600
X3.302 Y-19.080 Z-0.600
X4.256 Y-18.913 Z-0.600
X5.202 Y-18.699 Z-0.600
X6.137 Y-18.437 Z-0.600
X7.058 Y-18.129 Z-0.600
X7.964 Y-17.774 Z-0.600
X8.853 Y-17.375 Z-0.600
X9.721 Y-16.930 Z-0.600
X10.567 Y-16.443 Z-0.600
X11.389 Y-15.913 Z-0.600
X12.183 Y-15.342 Z-0.600
X12.950 Y-14.731 Z-0.600
X13.685 Y-14.082 Z-0.600
X14.388 Y-13.396 Z-0.600
X15.057 Y-12.675 Z-0.600
X15.690 Y-11.921 Z-0.600
X16.284 Y-11.135 Z-0.600
X16.840 Y-10.319 Z-0.600
X17.354 Y-9.476 Z-0.600
X17.826 Y-8.607 Z-0.600
X18.255 Y-7.715 Z-0.600
X18.639 Y-6.801 Z-0.600
X18.977 Y-5.868 Z-0.600
X19.269 Y-4.918 Z-0.600
X19.513 Y-3.954 Z-0.600
X19.708 Y-2.977 Z-0.600
X19.855 Y-1.991 Z-0.600
X19.952 Y-0.998 Z-0.600
X20.000 Y-0.000 Z-0.600

( Pass 4/5 — target Z: -0.800 )
G0 Z5.000
G0 X0.000 Y0.000
G1 Z-0.800 F300
G1 F800
X0.023 Y0.001 Z-0.800
X0.045 Y0.005 Z-0.800
X0.067 Y0.010 Z-0.800
X0.089 Y0.018 Z-0.800
X0.110 Y0.028 Z-0.800
X0.130 Y0.040 Z-0.800
X0.149 Y0.055 Z-0.800
X0.167 Y0.071 Z-0.800
X0.184 Y0.089 Z-0.800
X0.199 Y0.109 Z-0.800
X0.213 Y0.131 Z-0.800
X0.225 Y0.154 Z-0.800
X0.235 Y0.179 Z-0.800
X0.243 Y0.205 Z-0.800
X0.250 Y0.232 Z-0.800
X0.253 Y0.261 Z-0.800
X0.255 Y0.290 Z-0.800
X0.254 Y0.320 Z-0.800
X0.251 Y0.351 Z-0.800
X0.246 Y0.382 Z-0.800
X0.238 Y0.414 Z-0.800
X0.227 Y0.446 Z-0.800
X0.214 Y0.477 Z-0.800
X0.198 Y0.508 Z-0.800
X0.179 Y0.539 Z-0.800
X0.158 Y0.569 Z-0.800
X0.135 Y0.599 Z-0.800
X0.109 Y0.627 Z-0.800
X0.080 Y0.654 Z-0.800
X0.049 Y0.680 Z-0.800
X0.015 Y0.704 Z-0.800
X-0.021 Y0.727 Z-0.800
X-0.059 Y0.748 Z-0.800
X-0.099 Y0.766 Z-0.800
X-0.141 Y0.783 Z-0.800
X-0.185 Y0.797 Z-0.800
X-0.231 Y0.809 Z-0.800
X-0.279 Y0.817 Z-0.800
X-0.327 Y0.824 Z-0.800
X-0.378 Y0.827 Z-0.800
X-0.429 Y0.827 Z-0.800
X-0.481 Y0.824 Z-0.800
X-0.534 Y0.818 Z-0.800
X-0.588 Y0.809 Z-0.800
X-0.642 Y0.796 Z-0.800
X-0.696 Y0.780 Z-0.800
X-0.750 Y0.761 Z-0.800
X-0.804 Y0.738 Z-0.800
X-0.857 Y0.711 Z-0.800
X-0.910 Y0.681 Z-0.800
X-0.961 Y0.647 Z-0.800
X-1.012 Y0.610 Z-0.800
X-1.061 Y0.570 Z-0.800
X-1.109 Y0.526 Z-0.800
X-1.155 Y0.478 Z-0.800
X-1.199 Y0.428 Z-0.800
X-1.240 Y0.374 Z-0.800
X-1.280 Y0.317 Z-0.800
X-1.316 Y0.257 Z-0.800
X-1.350 Y0.194 Z-0.800
X-1.380 Y0.128 Z-0.800
X-1.408 Y0.060 Z-0.800
X-1.432 Y-0.010 Z-0.800
X-1.452 Y-0.083 Z-0.800
X-1.469 Y-0.158 Z-0.800
X-1.482 Y-0.235 Z-0.800
X-1.490 Y-0.313 Z-0.800
X-1.495 Y-0.393 Z-0.800
X-1.495 Y-0.474 Z-0.800
X-1.491 Y-0.556 Z-0.800
X-1.482 Y-0.639 Z-0.800
X-1.468 Y-0.722 Z-0.800
X-1.450 Y-0.805 Z-0.800
X-1.428 Y-0.889 Z-0.800
X-1.400 Y-0.972 Z-0.800
X-1.368 Y-1.055 Z-0.800
X-1.331 Y-1.137 Z-0.800
X-1.289 Y-1.217 Z-0.800
X-1.242 Y-1.296 Z-0.800
X-1.191 Y-1.374 Z-0.800
X-1.135 Y-1.450 Z-0.800
X-1.074 Y-1.523 Z-0.800
X-1.008 Y-1.594 Z-0.800
X-0.939 Y-1.662 Z-0.800
X-0.865 Y-1.727 Z-0.800
X-0.786 Y-1.789 Z-0.800
X-0.704 Y-1.848 Z-0.800
X-0.618 Y-1.902 Z-0.800
X-0.528 Y-1.953 Z-0.800
X-0.435 Y-1.999 Z-0.800
X-0.338 Y-2.040 Z-0.800
X-0.238 Y-2.077 Z-0.800
X-0.136 Y-2.109 Z-0.800
X-0.031 Y-2.136 Z-0.800
X0.077 Y-2.158 Z-0.800
X0.187 Y-2.174 Z-0.800
X0.298 Y-2.184 Z-0.800
X0.411 Y-2.189 Z-0.800
X0.525 Y-2.188 Z-0.800
X0.640 Y-2.181 Z-0.800
X0.756 Y-2.167 Z-0.800
X0.872 Y-2.148 Z-0.800
X0.988 Y-2.122 Z-0.800
X1.103 Y-2.090 Z-0.800
X1.218 Y-2.052 Z-0.800
X1.331 Y-2.008 Z-0.800
X1.443 Y-1.957 Z-0.800
X1.554 Y-1.900 Z-0.800
X1.662 Y-1.837 Z-0.800
X1.768 Y-1.768 Z-0.800
X1.871 Y-1.692 Z-0.800
X1.971 Y-1.611 Z-0.800
X2.067 Y-1.524 Z-0.800
X2.159 Y-1.432 Z-0.800
X2.248 Y-1.334 Z-0.800
X2.332 Y-1.230 Z-0.800
X2.411 Y-1.122 Z-0.800
X2.485 Y-1.009 Z-0.800
X2.554 Y-0.891 Z-0.800
X2.617 Y-0.768 Z-0.800
X2.674 Y-0.642 Z-0.800
X2.725 Y-0.512 Z-0.800
X2.770 Y-0.378 Z-0.800
X2.808 Y-0.241 Z-0.800
X2.839 Y-0.101 Z-0.800
X2.863 Y0.041 Z-0.800
X2.880 Y0.185 Z-0.800
X2.890 Y0.332 Z-0.800
X2.892 Y0.479 Z-0.800
X2.887 Y0.628 Z-0.800
X2.874 Y0.777 Z-0.800
X2.853 Y0.927 Z-0.800
X2.825 Y1.077 Z-0.800
X2.788 Y1.225 Z-0.800
X2.744 Y1.373 Z-0.800
X2.691 Y1.520 Z-0.800
X2.631 Y1.665 Z-0.800
X2.563 Y1.807 Z-0.800
X2.488 Y1.947 Z-0.800
X2.405 Y2.084 Z-0.800
X2.314 Y2.217 Z-0.800
X2.216 Y2.346 Z-0.800
X2.111 Y2.471 Z-0.800
X1.998 Y2.592 Z-0.800
X1.879 Y2.707 Z-0.800
X1.754 Y2.817 Z-0.800
X1.622 Y2.921 Z-0.800
X1.484 Y3.019 Z-0.800
X1.340 Y3.110 Z-0.800
X1.191 Y3.194 Z-0.800
X1.037 Y3.271 Z-0.800
X0.878 Y3.341 Z-0.800
X0.715 Y3.403 Z-0.800
X0.548 Y3.457 Z-0.800
X0.377 Y3.503 Z-0.800
X0.202 Y3.540 Z-0.800
X0.025 Y3.568 Z-0.800
X-0.154 Y3.588 Z-0.800
X-0.335 Y3.598 Z-0.800
X-0.518 Y3.599 Z-0.800
X-0.701 Y3.591 Z-0.800
X-0.885 Y3.574 Z-0.800
X-1.069 Y3.547 Z-0.800
X-1.253 Y3.511 Z-0.800
X-1.435 Y3.465 Z-0.800
X-1.616 Y3.409 Z-0.800
X-1.795 Y3.344 Z-0.800
X-1.972 Y3.270 Z-0.800
X-2.145 Y3.186 Z-0.800
X-2.315 Y3.093 Z-0.800
X-2.482 Y2.991 Z-0.800
X-2.643 Y2.880 Z-0.800
X-2.800 Y2.760 Z-0.800
X-2.951 Y2.632 Z-0.800
X-3.097 Y2.496 Z-0.800
X-3.236 Y2.351 Z-0.800
X-3.369 Y2.199 Z-0.800
X-3.494 Y2.039 Z-0.800
X-3.611 Y1.873 Z-0.800
X-3.721 Y1.699 Z-0.800
X-3.823 Y1.520 Z-0.800
X-3.915 Y1.334 Z-0.800
X-3.999 Y1.143 Z-0.800
X-4.073 Y0.947 Z-0.800
X-4.138 Y0.747 Z-0.800
X-4.192 Y0.542 Z-0.800
X-4.237 Y0.333 Z-0.800
X-4.271 Y0.122 Z-0.800
X-4.294 Y-0.092 Z-0.800
X-4.307 Y-0.308 Z-0.800
X-4.309 Y-0.526 Z-0.800
X-4.300 Y-0.744 Z-0.800
X-4.279 Y-0.963 Z-0.800
X-4.248 Y-1.182 Z-0.800
X-4.205 Y-1.400 Z-0.800
X-4.151 Y-1.616 Z-0.800
X-4.086 Y-1.831 Z-0.800
X-4.010 Y-2.043 Z-0.800
X-3.922 Y-2.252 Z-0.800
X-3.824 Y-2.457 Z-0.800
X-3.715 Y-2.659 Z-0.800
X-3.595 Y-2.855 Z-0.800
X-3.465 Y-3.046 Z-0.800
X-3.325 Y-3.231 Z-0.800
X-3.175 Y-3.410 Z-0.800
X-3.015 Y-3.582 Z-0.800
X-2.846 Y-3.746 Z-0.800
X-2.668 Y-3.902 Z-0.800
X-2.482 Y-4.050 Z-0.800
X-2.287 Y-4.189 Z-0.800
X-2.085 Y-4.318 Z-0.800
X-1.876 Y-4.438 Z-0.800
X-1.659 Y-4.548 Z-0.800
X-1.437 Y-4.647 Z-0.800
X-1.208 Y-4.735 Z-0.800
X-0.975 Y-4.811 Z-0.800
X-0.737 Y-4.876 Z-0.800
X-0.494 Y-4.930 Z-0.800
X-0.249 Y-4.971 Z-0.800
X-0.000 Y-5.000 Z-0.800
X0.251 Y-5.016 Z-0.800
X0.504 Y-5.020 Z-0.800
X0.757 Y-5.011 Z-0.800
X1.011 Y-4.990 Z-0.800
X1.265 Y-4.955 Z-0.800
X1.517 Y-4.907 Z-0.800
X1.768 Y-4.847 Z-0.800
X2.017 Y-4.773 Z-0.800
X2.263 Y-4.687 Z-0.800
X2.505 Y-4.588 Z-0.800
X2.743 Y-4.476 Z-0.800
X2.976 Y-4.352 Z-0.800
X3.204 Y-4.216 Z-0.800
X3.425 Y-4.069 Z-0.800
X3.639 Y-3.909 Z-0.800
X3.846 Y-3.738 Z-0.800
X4.045 Y-3.556 Z-0.800
X4.236 Y-3.364 Z-0.800
X4.417 Y-3.161 Z-0.800
X4.589 Y-2.949 Z-0.800
X4.750 Y-2.727 Z-0.800
X4.901 Y-2.497 Z-0.800
X5.040 Y-2.258 Z-0.800
X5.168 Y-2.012 Z-0.800
X5.283 Y-1.758 Z-0.800
X5.386 Y-1.498 Z-0.800
X5.477 Y-1.232 Z-0.800
X5.554 Y-0.961 Z-0.800
X5.617 Y-0.685 Z-0.800
X5.667 Y-0.405 Z-0.800
X5.703 Y-0.122 Z-0.800
X5.725 Y0.164 Z-0.800
X5.732 Y0.451 Z-0.800
X5.725 Y0.740 Z-0.800
X5.703 Y1.029 Z-0.800
X5.667 Y1.318 Z-0.800
X5.616 Y1.606 Z-0.800
X5.550 Y1.891 Z-0.800
X5.470 Y2.175 Z-0.800
X5.375 Y2.455 Z-0.800
X5.266 Y2.731 Z-0.800
X5.143 Y3.002 Z-0.800
X5.005 Y3.267 Z-0.800
X4.854 Y3.527 Z-0.800
X4.690 Y3.779 Z-0.800
X4.512 Y4.024 Z-0.800
X4.321 Y4.260 Z-0.800
X4.119 Y4.487 Z-0.800
X3.904 Y4.705 Z-0.800
X3.677 Y4.912 Z-0.800
X3.440 Y5.109 Z-0.800
X3.192 Y5.294 Z-0.800
X2.935 Y5.467 Z-0.800
X2.668 Y5.627 Z-0.800
X2.392 Y5.774 Z-0.800
X2.108 Y5.908 Z-0.800
X1.817 Y6.028 Z-0.800
X1.519 Y6.133 Z-0.800
X1.215 Y6.223 Z-0.800
X0.906 Y6.299 Z-0.800
X0.592 Y6.359 Z-0.800
X0.274 Y6.403 Z-0.800
X-0.046 Y6.432 Z-0.800
X-0.368 Y6.444 Z-0.800
X-0.692 Y6.440 Z-0.800
X-1.017 Y6.420 Z-0.800
X-1.341 Y6.383 Z-0.800
X-1.664 Y6.330 Z-0.800
X-1.985 Y6.261 Z-0.800
X-2.303 Y6.175 Z-0.800
X-2.618 Y6.073 Z-0.800
X-2.928 Y5.955 Z-0.800
X-3.233 Y5.822 Z-0.800
X-3.532 Y5.672 Z-0.800
X-3.824 Y5.507 Z-0.800
X-4.108 Y5.327 Z-0.800
X-4.384 Y5.133 Z-0.800
X-4.650 Y4.924 Z-0.800
X-4.907 Y4.701 Z-0.800
X-5.153 Y4.465 Z-0.800
X-5.387 Y4.216 Z-0.800
X-5.610 Y3.955 Z-0.800
X-5.820 Y3.682 Z-0.800
X-6.016 Y3.397 Z-0.800
X-6.199 Y3.103 Z-0.800
X-6.367 Y2.798 Z-0.800
X-6.520 Y2.485 Z-0.800
X-6.657 Y2.163 Z-0.800
X-6.779 Y1.834 Z-0.800
X-6.884 Y1.498 Z-0.800
X-6.973 Y1.156 Z-0.800
X-7.045 Y0.808 Z-0.800
X-7.099 Y0.457 Z-0.800
X-7.136 Y0.102 Z-0.800
X-7.155 Y-0.256 Z-0.800
X-7.155 Y-0.615 Z-0.800
X-7.138 Y-0.974 Z-0.800
X-7.103 Y-1.334 Z-0.800
X-7.050 Y-1.692 Z-0.800
X-6.978 Y-2.049 Z-0.800
X-6.889 Y-2.403 Z-0.800
X-6.781 Y-2.752 Z-0.800
X-6.656 Y-3.097 Z-0.800
X-6.513 Y-3.436 Z-0.800
X-6.352 Y-3.769 Z-0.800
X-6.175 Y-4.094 Z-0.800
X-5.981 Y-4.411 Z-0.800
X-5.771 Y-4.719 Z-0.800
X-5.545 Y-5.016 Z-0.800
X-5.303 Y-5.303 Z-0.800
X-5.047 Y-5.578 Z-0.800
X-4.776 Y-5.841 Z-0.800
X-4.492 Y-6.091 Z-0.800
X-4.195 Y-6.327 Z-0.800
X-3.885 Y-6.548 Z-0.800
X-3.564 Y-6.754 Z-0.800
X-3.231 Y-6.944 Z-0.800
X-2.889 Y-7.118 Z-0.800
X-2.537 Y-7.275 Z-0.800
X-2.177 Y-7.414 Z-0.800
X-1.809 Y-7.536 Z-0.800
X-1.435 Y-7.639 Z-0.800
X-1.054 Y-7.724 Z-0.800
X-0.669 Y-7.790 Z-0.800
X-0.280 Y-7.836 Z-0.800
X0.112 Y-7.863 Z-0.800
X0.506 Y-7.870 Z-0.800
X0.902 Y-7.858 Z-0.800
X1.297 Y-7.825 Z-0.800
X1.691 Y-7.773 Z-0.800
X2.083 Y-7.701 Z-0.800
X2.472 Y-7.608 Z-0.800
X2.857 Y-7.497 Z-0.800
X3.237 Y-7.365 Z-0.800
X3.611 Y-7.215 Z-0.800
X3.979 Y-7.045 Z-0.800
X4.338 Y-6.857 Z-0.800
X4.688 Y-6.650 Z-0.800
X5.028 Y-6.425 Z-0.800
X5.358 Y-6.183 Z-0.800
X5.676 Y-5.924 Z-0.800
X5.981 Y-5.649 Z-0.800
X6.273 Y-5.358 Z-0.800
X6.551 Y-5.052 Z-0.800
X6.814 Y-4.731 Z-0.800
X7.061 Y-4.397 Z-0.800
X7.292 Y-4.050 Z-0.800
X7.506 Y-3.690 Z-0.800
X7.701 Y-3.320 Z-0.800
X7.879 Y-2.939 Z-0.800
X8.038 Y-2.548 Z-0.800
X8.177 Y-2.149 Z-0.800
X8.296 Y-1.743 Z-0.800
X8.395 Y-1.330 Z-0.800
X8.474 Y-0.911 Z-0.800
X8.532 Y-0.488 Z-0.800
X8.568 Y-0.061 Z-0.800
X8.583 Y0.368 Z-0.800
X8.577 Y0.798 Z-0.800
X8.548 Y1.229 Z-0.800
X8.499 Y1.659 Z-0.800
X8.427 Y2.087 Z-0.800
X8.334 Y2.512 Z-0.800
X8.220 Y2.933 Z-0.800
X8.084 Y3.348 Z-0.800
X7.927 Y3.758 Z-0.800
X7.749 Y4.160 Z-0.800
X7.551 Y4.554 Z-0.800
X7.333 Y4.938 Z-0.800
X7.096 Y5.312 Z-0.800
X6.839 Y5.674 Z-0.800
X6.564 Y6.024 Z-0.800
X6.270 Y6.361 Z-0.800
X5.960 Y6.683 Z-0.800
X5.633 Y6.990 Z-0.800
X5.290 Y7.281 Z-0.800
X4.932 Y7.555 Z-0.800
X4.560 Y7.812 Z-0.800
X4.174 Y8.050 Z-0.800
X3.777 Y8.269 Z-0.800
X3.367 Y8.469 Z-0.800
X2.947 Y8.648 Z-0.800
X2.518 Y8.806 Z-0.800
X2.080 Y8.943 Z-0.800
X1.634 Y9.058 Z-0.800
X1.183 Y9.151 Z-0.800
X0.726 Y9.221 Z-0.800
X0.265 Y9.269 Z-0.800
X-0.199 Y9.293 Z-0.800
X-0.665 Y9.294 Z-0.800
X-1.131 Y9.272 Z-0.800
X-1.597 Y9.226 Z-0.800
X-2.061 Y9.157 Z-0.800
X-2.522 Y9.065 Z-0.800
X-2.979 Y8.949 Z-0.800
X-3.430 Y8.810 Z-0.800
X-3.875 Y8.649 Z-0.800
X-4.313 Y8.465 Z-0.800
X-4.742 Y8.258 Z-0.800
X-5.161 Y8.030 Z-0.800
X-5.569 Y7.781 Z-0.800
X-5.965 Y7.511 Z-0.800
X-6.347 Y7.220 Z-0.800
X-6.716 Y6.911 Z-0.800
X-7.069 Y6.582 Z-0.800
X-7.407 Y6.235 Z-0.800
X-7.727 Y5.871 Z-0.800
X-8.030 Y5.490 Z-0.800
X-8.313 Y5.094 Z-0.800
X-8.577 Y4.684 Z-0.800
X-8.821 Y4.259 Z-0.800
X-9.044 Y3.822 Z-0.800
X-9.245 Y3.373 Z-0.800
X-9.423 Y2.914 Z-0.800
X-9.579 Y2.445 Z-0.800
X-9.712 Y1.968 Z-0.800
X-9.820 Y1.484 Z-0.800
X-9.905 Y0.993 Z-0.800
X-9.965 Y0.498 Z-0.800
X-10.000 Y0.000 Z-0.800
X-10.010 Y-0.501 Z-0.800
X-9.995 Y-1.002 Z-0.800
X-9.955 Y-1.504 Z-0.800
X-9.890 Y-2.004 Z-0.800
X-9.799 Y-2.501 Z-0.800
X-9.684 Y-2.994 Z-0.800
X-9.544 Y-3.482 Z-0.800
X-9.379 Y-3.963 Z-0.800
X-9.189 Y-4.437 Z-0.800
X-8.976 Y-4.901 Z-0.800
X-8.740 Y-5.356 Z-0.800
X-8.480 Y-5.798 Z-0.800
X-8.198 Y-6.229 Z-0.800
X-7.894 Y-6.645 Z-0.800
X-7.568 Y-7.046 Z-0.800
X-7.223 Y-7.432 Z-0.800
X-6.857 Y-7.801 Z-0.800
X-6.473 Y-8.151 Z-0.800
X-6.071 Y-8.483 Z-0.800
X-5.652 Y-8.795 Z-0.800
X-5.217 Y-9.086 Z-0.800
X-4.767 Y-9.356 Z-0.800
X-4.303 Y-9.603 Z-0.800
X-3.826 Y-9.827 Z-0.800
X-3.337 Y-10.027 Z-0.800
X-2.838 Y-10.203 Z-0.800
X-2.330 Y-10.355 Z-0.800
X-1.814 Y-10.481 Z-0.800
X-1.291 Y-10.581 Z-0.800
X-0.762 Y-10.655 Z-0.800
X-0.229 Y-10.702 Z-0.800
X0.306 Y-10.723 Z-0.800
X0.843 Y-10.717 Z-0.800
X1.381 Y-10.684 Z-0.800
X1.917 Y-10.624 Z-0.800
X2.450 Y-10.537 Z-0.800
X2.980 Y-10.423 Z-0.800
X3.504 Y-10.283 Z-0.800
X4.022 Y-10.116 Z-0.800
X4.532 Y-9.923 Z-0.800
X5.032 Y-9.705 Z-0.800
X5.522 Y-9.461 Z-0.800
X6.001 Y-9.192 Z-0.800
X6.466 Y-8.899 Z-0.800
X6.916 Y-8.583 Z-0.800
X7.352 Y-8.243 Z-0.800
X7.770 Y-7.882 Z-0.800
X8.171 Y-7.499 Z-0.800
X8.553 Y-7.096 Z-0.800
X8.915 Y-6.674 Z-0.800
X9.256 Y-6.233 Z-0.800
X9.576 Y-5.774 Z-0.800
X9.872 Y-5.299 Z-0.800
X10.145 Y-4.809 Z-0.800
X10.394 Y-4.305 Z-0.800
X10.617 Y-3.788 Z-0.800
X10.815 Y-3.260 Z-0.800
X10.986 Y-2.721 Z-0.800
X11.131 Y-2.173 Z-0.800
X11.248 Y-1.617 Z-0.800
X11.337 Y-1.055 Z-0.800
X11.399 Y-0.489 Z-0.800
X11.432 Y0.082 Z-0.800
X11.436 Y0.654 Z-0.800
X11.412 Y1.227 Z-0.800
X11.358 Y1.799 Z-0.800
X11.277 Y2.369 Z-0.800
X11.166 Y2.935 Z-0.800
X11.027 Y3.496 Z-0.800
X10.860 Y4.051 Z-0.800
X10.665 Y4.597 Z-0.800
X10.442 Y5.134 Z-0.800
X10.193 Y5.661 Z-0.800
X9.917 Y6.175 Z-0.800
X9.614 Y6.675 Z-0.800
X9.287 Y7.161 Z-0.800
X8.935 Y7.631 Z-0.800
X8.559 Y8.083 Z-0.800
X8.160 Y8.517 Z-0.800
X7.739 Y8.932 Z-0.800
X7.297 Y9.325 Z-0.800
X6.836 Y9.696 Z-0.800
X6.355 Y10.045 Z-0.800
X5.856 Y10.370 Z-0.800
X5.341 Y10.670 Z-0.800
X4.810 Y10.944 Z-0.800
X4.266 Y11.192 Z-0.800
X3.708 Y11.413 Z-0.800
X3.139 Y11.606 Z-0.800
X2.560 Y11.770 Z-0.800
X1.973 Y11.906 Z-0.800
X1.378 Y12.012 Z-0.800
X0.778 Y12.089 Z-0.800
X0.173 Y12.135 Z-0.800
X-0.434 Y12.151 Z-0.800
X-1.042 Y12.137 Z-0.800
X-1.651 Y12.092 Z-0.800
X-2.257 Y12.017 Z-0.800
X-2.860 Y11.912 Z-0.800
X-3.458 Y11.776 Z-0.800
X-4.049 Y11.610 Z-0.800
X-4.633 Y11.414 Z-0.800
X-5.207 Y11.189 Z-0.800
X-5.770 Y10.935 Z-0.800
X-6.320 Y10.652 Z-0.800
X-6.857 Y10.342 Z-0.800
X-7.379 Y10.005 Z-0.800
X-7.884 Y9.642 Z-0.800
X-8.371 Y9.253 Z-0.800
X-8.839 Y8.839 Z-0.800
X-9.286 Y8.401 Z-0.800
X-9.712 Y7.941 Z-0.800
X-10.115 Y7.460 Z-0.800
X-10.494 Y6.958 Z-0.800
X-10.848 Y6.436 Z-0.800
X-11.176 Y5.897 Z-0.800
X-11.477 Y5.341 Z-0.800
X-11.751 Y4.769 Z-0.800
X-11.996 Y4.184 Z-0.800
X-12.212 Y3.586 Z-0.800
X-12.398 Y2.976 Z-0.800
X-12.553 Y2.358 Z-0.800
X-12.678 Y1.731 Z-0.800
X-12.771 Y1.097 Z-0.800
X-12.833 Y0.458 Z-0.800
X-12.862 Y-0.184 Z-0.800
X-12.860 Y-0.828 Z-0.800
X-12.825 Y-1.472 Z-0.800
X-12.758 Y-2.114 Z-0.800
X-12.658 Y-2.754 Z-0.800
X-12.527 Y-3.389 Z-0.800
X-12.364 Y-4.017 Z-0.800
X-12.169 Y-4.638 Z-0.800
X-11.943 Y-5.249 Z-0.800
X-11.686 Y-5.850 Z-0.800
X-11.399 Y-6.437 Z-0.800
X-11.082 Y-7.011 Z-0.800
X-10.737 Y-7.569 Z-0.800
X-10.363 Y-8.110 Z-0.800
X-9.962 Y-8.632 Z-0.800
X-9.535 Y-9.135 Z-0.800
X-9.082 Y-9.616 Z-0.800
X-8.605 Y-10.075 Z-0.800
X-8.105 Y-10.511 Z-0.800
X-7.583 Y-10.921 Z-0.800
X-7.040 Y-11.306 Z-0.800
X-6.477 Y-11.663 Z-0.800
X-5.896 Y-11.993 Z-0.800
X-5.299 Y-12.293 Z-0.800
X-4.686 Y-12.564 Z-0.800
X-4.059 Y-12.804 Z-0.800
X-3.420 Y-13.013 Z-0.800
X-2.771 Y-13.189 Z-0.800
X-2.112 Y-13.334 Z-0.800
X-1.446 Y-13.445 Z-0.800
X-0.773 Y-13.523 Z-0.800
X-0.097 Y-13.568 Z-0.800
X0.582 Y-13.578 Z-0.800
X1.262 Y-13.555 Z-0.800
X1.941 Y-13.498 Z-0.800
X2.617 Y-13.406 Z-0.800
X3.289 Y-13.281 Z-0.800
X3.955 Y-13.122 Z-0.800
X4.613 Y-12.929 Z-0.800
X5.262 Y-12.703 Z-0.800
X5.900 Y-12.445 Z-0.800
X6.525 Y-12.155 Z-0.800
X7.136 Y-11.833 Z-0.800
X7.731 Y-11.481 Z-0.800
X8.308 Y-11.098 Z-0.800
X8.867 Y-10.687 Z-0.800
X9.405 Y-10.247 Z-0.800
X9.921 Y-9.781 Z-0.800
X10.415 Y-9.288 Z-0.800
X10.883 Y-8.770 Z-0.800
X11.326 Y-8.229 Z-0.800
X11.742 Y-7.665 Z-0.800
X12.130 Y-7.081 Z-0.800
X12.489 Y-6.476 Z-0.800
X12.818 Y-5.854 Z-0.800
X13.115 Y-5.214 Z-0.800
X13.381 Y-4.560 Z-0.800
X13.614 Y-3.892 Z-0.800
X13.813 Y-3.212 Z-0.800
X13.979 Y-2.522 Z-0.800
X14.110 Y-1.823 Z-0.800
X14.206 Y-1.118 Z-0.800
X14.267 Y-0.408 Z-0.800
X14.292 Y0.306 Z-0.800
X14.282 Y1.021 Z-0.800
X14.235 Y1.736 Z-0.800
X14.153 Y2.449 Z-0.800
X14.035 Y3.158 Z-0.800
X13.882 Y3.862 Z-0.800
X13.693 Y4.558 Z-0.800
X13.470 Y5.244 Z-0.800
X13.212 Y5.920 Z-0.800
X12.920 Y6.583 Z-0.800
X12.594 Y7.231 Z-0.800
X12.236 Y7.864 Z-0.800
X11.847 Y8.479 Z-0.800
X11.426 Y9.074 Z-0.800
X10.976 Y9.649 Z-0.800
X10.496 Y10.201 Z-0.800
X9.989 Y10.729 Z-0.800
X9.455 Y11.232 Z-0.800
X8.896 Y11.708 Z-0.800
X8.313 Y12.157 Z-0.800
X7.707 Y12.576 Z-0.800
X7.080 Y12.966 Z-0.800
X6.433 Y13.324 Z-0.800
X5.768 Y13.649 Z-0.800
X5.087 Y13.942 Z-0.800
X4.391 Y14.200 Z-0.800
X3.681 Y14.424 Z-0.800
X2.961 Y14.612 Z-0.800
X2.230 Y14.764 Z-0.800
X1.492 Y14.880 Z-0.800
X0.748 Y14.959 Z-0.800
X-0.000 Y15.000 Z-0.800
X-0.751 Y15.004 Z-0.800
X-1.501 Y14.970 Z-0.800
X-2.251 Y14.899 Z-0.800
X-2.997 Y14.790 Z-0.800
X-3.738 Y14.644 Z-0.800
X-4.471 Y14.461 Z-0.800
X-5.196 Y14.241 Z-0.800
X-5.910 Y13.984 Z-0.800
X-6.611 Y13.692 Z-0.800
X-7.298 Y13.365 Z-0.800
X-7.968 Y13.003 Z-0.800
X-8.621 Y12.607 Z-0.800
X-9.253 Y12.179 Z-0.800
X-9.865 Y11.719 Z-0.800
X-10.454 Y11.228 Z-0.800
X-11.018 Y10.707 Z-0.800
X-11.556 Y10.159 Z-0.800
X-12.067 Y9.583 Z-0.800
X-12.549 Y8.981 Z-0.800
X-13.001 Y8.355 Z-0.800
X-13.422 Y7.707 Z-0.800
X-13.811 Y7.037 Z-0.800
X-14.166 Y6.347 Z-0.800
X-14.486 Y5.640 Z-0.800
X-14.771 Y4.916 Z-0.800
X-15.021 Y4.178 Z-0.800
X-15.233 Y3.428 Z-0.800
X-15.407 Y2.666 Z-0.800
X-15.544 Y1.896 Z-0.800
X-15.642 Y1.119 Z-0.800
X-15.701 Y0.336 Z-0.800
X-15.721 Y-0.449 Z-0.800
X-15.701 Y-1.236 Z-0.800
X-15.643 Y-2.022 Z-0.800
X-15.544 Y-2.805 Z-0.800
X-15.407 Y-3.583 Z-0.800
X-15.231 Y-4.354 Z-0.800
X-15.016 Y-5.117 Z-0.800
X-14.762 Y-5.869 Z-0.800
X-14.471 Y-6.609 Z-0.800
X-14.143 Y-7.334 Z-0.800
X-13.779 Y-8.043 Z-0.800
X-13.379 Y-8.734 Z-0.800
X-12.944 Y-9.405 Z-0.800
X-12.476 Y-10.054 Z-0.800
X-11.975 Y-10.680 Z-0.800
X-11.443 Y-11.281 Z-0.800
X-10.880 Y-11.855 Z-0.800
X-10.289 Y-12.401 Z-0.800
X-9.670 Y-12.918 Z-0.800
X-9.025 Y-13.404 Z-0.800
X-8.356 Y-13.857 Z-0.800
X-7.664 Y-14.277 Z-0.800
X-6.951 Y-14.663 Z-0.800
X-6.219 Y-15.013 Z-0.800
X-5.468 Y-15.326 Z-0.800
X-4.702 Y-15.602 Z-0.800
X-3.923 Y-15.840 Z-0.800
X-3.131 Y-16.038 Z-0.800
X-2.329 Y-16.197 Z-0.800
X-1.519 Y-16.316 Z-0.800
X-0.703 Y-16.394 Z-0.800
X0.117 Y-16.431 Z-0.800
X0.939 Y-16.428 Z-0.800
X1.761 Y-16.383 Z-0.800
X2.581 Y-16.297 Z-0.800
X3.397 Y-16.170 Z-0.800
X4.206 Y-16.002 Z-0.800
X5.007 Y-15.793 Z-0.800
X5.798 Y-15.545 Z-0.800
X6.576 Y-15.257 Z-0.800
X7.340 Y-14.929 Z-0.800
X8.088 Y-14.564 Z-0.800
X8.818 Y-14.161 Z-0.800
X9.527 Y-13.721 Z-0.800
X10.214 Y-13.246 Z-0.800
X10.878 Y-12.737 Z-0.800
X11.517 Y-12.194 Z-0.800
X12.128 Y-11.619 Z-0.800
X12.710 Y-11.014 Z-0.800
X13.263 Y-10.379 Z-0.800
X13.783 Y-9.716 Z-0.800
X14.271 Y-9.028 Z-0.800
X14.724 Y-8.315 Z-0.800
X15.141 Y-7.579 Z-0.800
X15.521 Y-6.822 Z-0.800
X15.864 Y-6.046 Z-0.800
X16.168 Y-5.253 Z-0.800
X16.432 Y-4.445 Z-0.800
X16.656 Y-3.623 Z-0.800
X16.839 Y-2.790 Z-0.800
X16.980 Y-1.948 Z-0.800
X17.078 Y-1.099 Z-0.800
X17.135 Y-0.245 Z-0.800
X17.148 Y0.612 Z-0.800
X17.119 Y1.470 Z-0.800
X17.046 Y2.327 Z-0.800
X16.931 Y3.180 Z-0.800
X16.773 Y4.027 Z-0.800
X16.573 Y4.866 Z-0.800
X16.331 Y5.696 Z-0.800
X16.047 Y6.513 Z-0.800
X15.722 Y7.316 Z-0.800
X15.357 Y8.103 Z-0.800
X14.953 Y8.872 Z-0.800
X14.510 Y9.620 Z-0.800
X14.029 Y10.347 Z-0.800
X13.512 Y11.049 Z-0.800
X12.960 Y11.725 Z-0.800
X12.374 Y12.374 Z-0.800
X11.756 Y12.994 Z-0.800
X11.106 Y13.583 Z-0.800
X10.428 Y14.139 Z-0.800
X9.721 Y14.661 Z-0.800
X8.988 Y15.148 Z-0.800
X8.230 Y15.598 Z-0.800
X7.450 Y16.010 Z-0.800
X6.650 Y16.384 Z-0.800
X5.830 Y16.717 Z-0.800
X4.994 Y17.009 Z-0.800
X4.144 Y17.260 Z-0.800
X3.280 Y17.467 Z-0.800
X2.407 Y17.632 Z-0.800
X1.525 Y17.753 Z-0.800
X0.637 Y17.830 Z-0.800
X-0.255 Y17.862 Z-0.800
X-1.149 Y17.849 Z-0.800
X-2.041 Y17.792 Z-0.800
X-2.932 Y17.691 Z-0.800
X-3.817 Y17.544 Z-0.800
X-4.694 Y17.354 Z-0.800
X-5.562 Y17.119 Z-0.800
X-6.419 Y16.841 Z-0.800
X-7.261 Y16.520 Z-0.800
X-8.088 Y16.157 Z-0.800
X-8.896 Y15.753 Z-0.800
X-9.684 Y15.308 Z-0.800
X-10.450 Y14.823 Z-0.800
X-11.191 Y14.301 Z-0.800
X-11.907 Y13.741 Z-0.800
X-12.594 Y13.145 Z-0.800
X-13.251 Y12.515 Z-0.800
X-13.877 Y11.852 Z-0.800
X-14.470 Y11.158 Z-0.800
X-15.028 Y10.434 Z-0.800
X-15.550 Y9.682 Z-0.800
X-16.034 Y8.905 Z-0.800
X-16.479 Y8.102 Z-0.800
X-16.885 Y7.278 Z-0.800
X-17.248 Y6.433 Z-0.800
X-17.570 Y5.570 Z-0.800
X-17.848 Y4.691 Z-0.800
X-18.083 Y3.799 Z-0.800
X-18.272 Y2.894 Z-0.800
X-18.417 Y1.980 Z-0.800
X-18.515 Y1.059 Z-0.800
X-18.568 Y0.133 Z-0.800
X-18.574 Y-0.796 Z-0.800
X-18.534 Y-1.725 Z-0.800
X-18.447 Y-2.652 Z-0.800
X-18.313 Y-3.575 Z-0.800
X-18.134 Y-4.491 Z-0.800
X-17.909 Y-5.398 Z-0.800
X-17.638 Y-6.293 Z-0.800
X-17.323 Y-7.175 Z-0.800
X-16.963 Y-8.042 Z-0.800
X-16.560 Y-8.890 Z-0.800
X-16.115 Y-9.718 Z-0.800
X-15.628 Y-10.523 Z-0.800
X-15.101 Y-11.305 Z-0.800
X-14.535 Y-12.059 Z-0.800
X-13.931 Y-12.786 Z-0.800
X-13.291 Y-13.482 Z-0.800
X-12.616 Y-14.146 Z-0.800
X-11.908 Y-14.776 Z-0.800
X-11.168 Y-15.371 Z-0.800
X-10.398 Y-15.929 Z-0.800
X-9.601 Y-16.448 Z-0.800
X-8.778 Y-16.928 Z-0.800
X-7.931 Y-17.366 Z-0.800
X-7.062 Y-17.761 Z-0.800
X-6.173 Y-18.113 Z-0.800
X-5.266 Y-18.421 Z-0.800
X-4.345 Y-18.683 Z-0.800
X-3.410 Y-18.899 Z-0.800
X-2.464 Y-19.069 Z-0.800
X-1.510 Y-19.191 Z-0.800
X-0.550 Y-19.265 Z-0.800
X0.413 Y-19.291 Z-0.800
X1.378 Y-19.269 Z-0.800
X2.342 Y-19.199 Z-0.800
X3.302 Y-19.080 Z-0.800
X4.256 Y-18.913 Z-0.800
X5.202 Y-18.699 Z-0.800
X6.137 Y-18.437 Z-0.800
X7.058 Y-18.129 Z-0.800
X7.964 Y-17.774 Z-0.800
X8.853 Y-17.375 Z-0.800
X9.721 Y-16.930 Z-0.800
X10.567 Y-16.443 Z-0.800
X11.389 Y-15.913 Z-0.800
X12.183 Y-15.342 Z-0.800
X12.950 Y-14.731 Z-0.800
X13.685 Y-14.082 Z-0.800
X14.388 Y-13.396 Z-0.800
X15.057 Y-12.675 Z-0.800
X15.690 Y-11.921 Z-0.800
X16.284 Y-11.135 Z-0.800
X16.840 Y-10.319 Z-0.800
X17.354 Y-9.476 Z-0.800
X17.826 Y-8.607 Z-0.800
X18.255 Y-7.715 Z-0.800
X18.639 Y-6.801 Z-0.800
X18.977 Y-5.868 Z-0.800
X19.269 Y-4.918 Z-0.800
X19.513 Y-3.954 Z-0.800
X19.708 Y-2.977 Z-0.800
X19.855 Y-1.991 Z-0.800
X19.952 Y-0.998 Z-0.800
X20.000 Y-0.000 Z-0.800

( Pass 5/5 — target Z: -1.000 )
G0 Z5.000
G0 X0.000 Y0.000
G1 Z-1.000 F300
G1 F800
X0.023 Y0.001 Z-1.000
X0.045 Y0.005 Z-1.000
X0.067 Y0.010 Z-1.000
X0.089 Y0.018 Z-1.000
X0.110 Y0.028 Z-1.000
X0.130 Y0.040 Z-1.000
X0.149 Y0.055 Z-1.000
X0.167 Y0.071 Z-1.000
X0.184 Y0.089 Z-1.000
X0.199 Y0.109 Z-1.000
X0.213 Y0.131 Z-1.000
X0.225 Y0.154 Z-1.000
X0.235 Y0.179 Z-1.000
X0.243 Y0.205 Z-1.000
X0.250 Y0.232 Z-1.000
X0.253 Y0.261 Z-1.000
X0.255 Y0.290 Z-1.000
X0.254 Y0.320 Z-1.000
X0.251 Y0.351 Z-1.000
X0.246 Y0.382 Z-1.000
X0.238 Y0.414 Z-1.000
X0.227 Y0.446 Z-1.000
X0.214 Y0.477 Z-1.000
X0.198 Y0.508 Z-1.000
X0.179 Y0.539 Z-1.000
X0.158 Y0.569 Z-1.000
X0.135 Y0.599 Z-1.000
X0.109 Y0.627 Z-1.000
X0.080 Y0.654 Z-1.000
X0.049 Y0.680 Z-1.000
X0.015 Y0.704 Z-1.000
X-0.021 Y0.727 Z-1.000
X-0.059 Y0.748 Z-1.000
X-0.099 Y0.766 Z-1.000
X-0.141 Y0.783 Z-1.000
X-0.185 Y0.797 Z-1.000
X-0.231 Y0.809 Z-1.000
X-0.279 Y0.817 Z-1.000
X-0.327 Y0.824 Z-1.000
X-0.378 Y0.827 Z-1.000
X-0.429 Y0.827 Z-1.000
X-0.481 Y0.824 Z-1.000
X-0.534 Y0.818 Z-1.000
X-0.588 Y0.809 Z-1.000
X-0.642 Y0.796 Z-1.000
X-0.696 Y0.780 Z-1.000
X-0.750 Y0.761 Z-1.000
X-0.804 Y0.738 Z-1.000
X-0.857 Y0.711 Z-1.000
X-0.910 Y0.681 Z-1.000
X-0.961 Y0.647 Z-1.000
X-1.012 Y0.610 Z-1.000
X-1.061 Y0.570 Z-1.000
X-1.109 Y0.526 Z-1.000
X-1.155 Y0.478 Z-1.000
X-1.199 Y0.428 Z-1.000
X-1.240 Y0.374 Z-1.000
X-1.280 Y0.317 Z-1.000
X-1.316 Y0.257 Z-1.000
X-1.350 Y0.194 Z-1.000
X-1.380 Y0.128 Z-1.000
X-1.408 Y0.060 Z-1.000
X-1.432 Y-0.010 Z-1.000
X-1.452 Y-0.083 Z-1.000
X-1.469 Y-0.158 Z-1.000
X-1.482 Y-0.235 Z-1.000
X-1.490 Y-0.313 Z-1.000
X-1.495 Y-0.393 Z-1.000
X-1.495 Y-0.474 Z-1.000
X-1.491 Y-0.556 Z-1.000
X-1.482 Y-0.639 Z-1.000
X-1.468 Y-0.722 Z-1.000
X-1.450 Y-0.805 Z-1.000
X-1.428 Y-0.889 Z-1.000
X-1.400 Y-0.972 Z-1.000
X-1.368 Y-1.055 Z-1.000
X-1.331 Y-1.137 Z-1.000
X-1.289 Y-1.217 Z-1.000
X-1.242 Y-1.296 Z-1.000
X-1.191 Y-1.374 Z-1.000
X-1.135 Y-1.450 Z-1.000
X-1.074 Y-1.523 Z-1.000
X-1.008 Y-1.594 Z-1.000
X-0.939 Y-1.662 Z-1.000
X-0.865 Y-1.727 Z-1.000
X-0.786 Y-1.789 Z-1.000
X-0.704 Y-1.848 Z-1.000
X-0.618 Y-1.902 Z-1.000
X-0.528 Y-1.953 Z-1.000
X-0.435 Y-1.999 Z-1.000
X-0.338 Y-2.040 Z-1.000
X-0.238 Y-2.077 Z-1.000
X-0.136 Y-2.109 Z-1.000
X-0.031 Y-2.136 Z-1.000
X0.077 Y-2.158 Z-1.000
X0.187 Y-2.174 Z-1.000
X0.298 Y-2.184 Z-1.000
X0.411 Y-2.189 Z-1.000
X0.525 Y-2.188 Z-1.000
X0.640 Y-2.181 Z-1.000
X0.756 Y-2.167 Z-1.000
X0.872 Y-2.148 Z-1.000
X0.988 Y-2.122 Z-1.000
X1.103 Y-2.090 Z-1.000
X1.218 Y-2.052 Z-1.000
X1.331 Y-2.008 Z-1.000
X1.443 Y-1.957 Z-1.000
X1.554 Y-1.900 Z-1.000
X1.662 Y-1.837 Z-1.000
X1.768 Y-1.768 Z-1.000
X1.871 Y-1.692 Z-1.000
X1.971 Y-1.611 Z-1.000
X2.067 Y-1.524 Z-1.000
X2.159 Y-1.432 Z-1.000
X2.248 Y-1.334 Z-1.000
X2.332 Y-1.230 Z-1.000
X2.411 Y-1.122 Z-1.000
X2.485 Y-1.009 Z-1.000
X2.554 Y-0.891 Z-1.000
X2.617 Y-0.768 Z-1.000
X2.674 Y-0.642 Z-1.000
X2.725 Y-0.512 Z-1.000
X2.770 Y-0.378 Z-1.000
X2.808 Y-0.241 Z-1.000
X2.839 Y-0.101 Z-1.000
X2.863 Y0.041 Z-1.000
X2.880 Y0.185 Z-1.000
X2.890 Y0.332 Z-1.000
X2.892 Y0.479 Z-1.000
X2.887 Y0.628 Z-1.000
X2.874 Y0.777 Z-1.000
X2.853 Y0.927 Z-1.000
X2.825 Y1.077 Z-1.000
X2.788 Y1.225 Z-1.000
X2.744 Y1.373 Z-1.000
X2.691 Y1.520 Z-1.000
X2.631 Y1.665 Z-1.000
X2.563 Y1.807 Z-1.000
X2.488 Y1.947 Z-1.000
X2.405 Y2.084 Z-1.000
X2.314 Y2.217 Z-1.000
X2.216 Y2.346 Z-1.000
X2.111 Y2.471 Z-1.000
X1.998 Y2.592 Z-1.000
X1.879 Y2.707 Z-1.000
X1.754 Y2.817 Z-1.000
X1.622 Y2.921 Z-1.000
X1.484 Y3.019 Z-1.000
X1.340 Y3.110 Z-1.000
X1.191 Y3.194 Z-1.000
X1.037 Y3.271 Z-1.000
X0.878 Y3.341 Z-1.000
X0.715 Y3.403 Z-1.000
X0.548 Y3.457 Z-1.000
X0.377 Y3.503 Z-1.000
X0.202 Y3.540 Z-1.000
X0.025 Y3.568 Z-1.000
X-0.154 Y3.588 Z-1.000
X-0.335 Y3.598 Z-1.000
X-0.518 Y3.599 Z-1.000
X-0.701 Y3.591 Z-1.000
X-0.885 Y3.574 Z-1.000
X-1.069 Y3.547 Z-1.000
X-1.253 Y3.511 Z-1.000
X-1.435 Y3.465 Z-1.000
X-1.616 Y3.409 Z-1.000
X-1.795 Y3.344 Z-1.000
X-1.972 Y3.270 Z-1.000
X-2.145 Y3.186 Z-1.000
X-2.315 Y3.093 Z-1.000
X-2.482 Y2.991 Z-1.000
X-2.643 Y2.880 Z-1.000
X-2.800 Y2.760 Z-1.000
X-2.951 Y2.632 Z-1.000
X-3.097 Y2.496 Z-1.000
X-3.236 Y2.351 Z-1.000
X-3.369 Y2.199 Z-1.000
X-3.494 Y2.039 Z-1.000
X-3.611 Y1.873 Z-1.000
X-3.721 Y1.699 Z-1.000
X-3.823 Y1.520 Z-1.000
X-3.915 Y1.334 Z-1.000
X-3.999 Y1.143 Z-1.000
X-4.073 Y0.947 Z-1.000
X-4.138 Y0.747 Z-1.000
X-4.192 Y0.542 Z-1.000
X-4.237 Y0.333 Z-1.000
X-4.271 Y0.122 Z-1.000
X-4.294 Y-0.092 Z-1.000
X-4.307 Y-0.308 Z-1.000
X-4.309 Y-0.526 Z-1.000
X-4.300 Y-0.744 Z-1.000
X-4.279 Y-0.963 Z-1.000
X-4.248 Y-1.182 Z-1.000
X-4.205 Y-1.400 Z-1.000
X-4.151 Y-1.616 Z-1.000
X-4.086 Y-1.831 Z-1.000
X-4.010 Y-2.043 Z-1.000
X-3.922 Y-2.252 Z-1.000
X-3.824 Y-2.457 Z-1.000
X-3.715 Y-2.659 Z-1.000
X-3.595 Y-2.855 Z-1.000
X-3.465 Y-3.046 Z-1.000
X-3.325 Y-3.231 Z-1.000
X-3.175 Y-3.410 Z-1.000
X-3.015 Y-3.582 Z-1.000
X-2.846 Y-3.746 Z-1.000
X-2.668 Y-3.902 Z-1.000
X-2.482 Y-4.050 Z-1.000
X-2.287 Y-4.189 Z-1.000
X-2.085 Y-4.318 Z-1.000
X-1.876 Y-4.438 Z-1.000
X-1.659 Y-4.548 Z-1.000
X-1.437 Y-4.647 Z-1.000
X-1.208 Y-4.735 Z-1.000
X-0.975 Y-4.811 Z-1.000
X-0.737 Y-4.876 Z-1.000
X-0.494 Y-4.930 Z-1.000
X-0.249 Y-4.971 Z-1.000
X-0.000 Y-5.000 Z-1.000
X0.251 Y-5.016 Z-1.000
X0.504 Y-5.020 Z-1.000
X0.757 Y-5.011 Z-1.000
X1.011 Y-4.990 Z-1.000
X1.265 Y-4.955 Z-1.000
X1.517 Y-4.907 Z-1.000
X1.768 Y-4.847 Z-1.000
X2.017 Y-4.773 Z-1.000
X2.263 Y-4.687 Z-1.000
X2.505 Y-4.588 Z-1.000
X2.743 Y-4.476 Z-1.000
X2.976 Y-4.352 Z-1.000
X3.204 Y-4.216 Z-1.000
X3.425 Y-4.069 Z-1.000
X3.639 Y-3.909 Z-1.000
X3.846 Y-3.738 Z-1.000
X4.045 Y-3.556 Z-1.000
X4.236 Y-3.364 Z-1.000
X4.417 Y-3.161 Z-1.000
X4.589 Y-2.949 Z-1.000
X4.750 Y-2.727 Z-1.000
X4.901 Y-2.497 Z-1.000
X5.040 Y-2.258 Z-1.000
X5.168 Y-2.012 Z-1.000
X5.283 Y-1.758 Z-1.000
X5.386 Y-1.498 Z-1.000
X5.477 Y-1.232 Z-1.000
X5.554 Y-0.961 Z-1.000
X5.617 Y-0.685 Z-1.000
X5.667 Y-0.405 Z-1.000
X5.703 Y-0.122 Z-1.000
X5.725 Y0.164 Z-1.000
X5.732 Y0.451 Z-1.000
X5.725 Y0.740 Z-1.000
X5.703 Y1.029 Z-1.000
X5.667 Y1.318 Z-1.000
X5.616 Y1.606 Z-1.000
X5.550 Y1.891 Z-1.000
X5.470 Y2.175 Z-1.000
X5.375 Y2.455 Z-1.000
X5.266 Y2.731 Z-1.000
X5.143 Y3.002 Z-1.000
X5.005 Y3.267 Z-1.000
X4.854 Y3.527 Z-1.000
X4.690 Y3.779 Z-1.000
X4.512 Y4.024 Z-1.000
X4.321 Y4.260 Z-1.000
X4.119 Y4.487 Z-1.000
X3.904 Y4.705 Z-1.000
X3.677 Y4.912 Z-1.000
X3.440 Y5.109 Z-1.000
X3.192 Y5.294 Z-1.000
X2.935 Y5.467 Z-1.000
X2.668 Y5.627 Z-1.000
X2.392 Y5.774 Z-1.000
X2.108 Y5.908 Z-1.000
X1.817 Y6.028 Z-1.000
X1.519 Y6.133 Z-1.000
X1.215 Y6.223 Z-1.000
X0.906 Y6.299 Z-1.000
X0.592 Y6.359 Z-1.000
X0.274 Y6.403 Z-1.000
X-0.046 Y6.432 Z-1.000
X-0.368 Y6.444 Z-1.000
X-0.692 Y6.440 Z-1.000
X-1.017 Y6.420 Z-1.000
X-1.341 Y6.383 Z-1.000
X-1.664 Y6.330 Z-1.000
X-1.985 Y6.261 Z-1.000
X-2.303 Y6.175 Z-1.000
X-2.618 Y6.073 Z-1.000
X-2.928 Y5.955 Z-1.000
X-3.233 Y5.822 Z-1.000
X-3.532 Y5.672 Z-1.000
X-3.824 Y5.507 Z-1.000
X-4.108 Y5.327 Z-1.000
X-4.384 Y5.133 Z-1.000
X-4.650 Y4.924 Z-1.000
X-4.907 Y4.701 Z-1.000
X-5.153 Y4.465 Z-1.000
X-5.387 Y4.216 Z-1.000
X-5.610 Y3.955 Z-1.000
X-5.820 Y3.682 Z-1.000
X-6.016 Y3.397 Z-1.000
X-6.199 Y3.103 Z-1.000
X-6.367 Y2.798 Z-1.000
X-6.520 Y2.485 Z-1.000
X-6.657 Y2.163 Z-1.000
X-6.779 Y1.834 Z-1.000
X-6.884 Y1.498 Z-1.000
X-6.973 Y1.156 Z-1.000
X-7.045 Y0.808 Z-1.000
X-7.099 Y0.457 Z-1.000
X-7.136 Y0.102 Z-1.000
X-7.155 Y-0.256 Z-1.000
X-7.155 Y-0.615 Z-1.000
X-7.138 Y-0.974 Z-1.000
X-7.103 Y-1.334 Z-1.000
X-7.050 Y-1.692 Z-1.000
X-6.978 Y-2.049 Z-1.000
X-6.889 Y-2.403 Z-1.000
X-6.781 Y-2.752 Z-1.000
X-6.656 Y-3.097 Z-1.000
X-6.513 Y-3.436 Z-1.000
X-6.352 Y-3.769 Z-1.000
X-6.175 Y-4.094 Z-1.000
X-5.981 Y-4.411 Z-1.000
X-5.771 Y-4.719 Z-1.000
X-5.545 Y-5.016 Z-1.000
X-5.303 Y-5.303 Z-1.000
X-5.047 Y-5.578 Z-1.000
X-4.776 Y-5.841 Z-1.000
X-4.492 Y-6.091 Z-1.000
X-4.195 Y-6.327 Z-1.000
X-3.885 Y-6.548 Z-1.000
X-3.564 Y-6.754 Z-1.000
X-3.231 Y-6.944 Z-1.000
X-2.889 Y-7.118 Z-1.000
X-2.537 Y-7.275 Z-1.000
X-2.177 Y-7.414 Z-1.000
X-1.809 Y-7.536 Z-1.000
X-1.435 Y-7.639 Z-1.000
X-1.054 Y-7.724 Z-1.000
X-0.669 Y-7.790 Z-1.000
X-0.280 Y-7.836 Z-1.000
X0.112 Y-7.863 Z-1.000
X0.506 Y-7.870 Z-1.000
X0.902 Y-7.858 Z-1.000
X1.297 Y-7.825 Z-1.000
X1.691 Y-7.773 Z-1.000
X2.083 Y-7.701 Z-1.000
X2.472 Y-7.608 Z-1.000
X2.857 Y-7.497 Z-1.000
X3.237 Y-7.365 Z-1.000
X3.611 Y-7.215 Z-1.000
X3.979 Y-7.045 Z-1.000
X4.338 Y-6.857 Z-1.000
X4.688 Y-6.650 Z-1.000
X5.028 Y-6.425 Z-1.000
X5.358 Y-6.183 Z-1.000
X5.676 Y-5.924 Z-1.000
X5.981 Y-5.649 Z-1.000
X6.273 Y-5.358 Z-1.000
X6.551 Y-5.052 Z-1.000
X6.814 Y-4.731 Z-1.000
X7.061 Y-4.397 Z-1.000
X7.292 Y-4.050 Z-1.000
X7.506 Y-3.690 Z-1.000
X7.701 Y-3.320 Z-1.000
X7.879 Y-2.939 Z-1.000
X8.038 Y-2.548 Z-1.000
X8.177 Y-2.149 Z-1.000
X8.296 Y-1.743 Z-1.000
X8.395 Y-1.330 Z-1.000
X8.474 Y-0.911 Z-1.000
X8.532 Y-0.488 Z-1.000
X8.568 Y-0.061 Z-1.000
X8.583 Y0.368 Z-1.000
X8.577 Y0.798 Z-1.000
X8.548 Y1.229 Z-1.000
X8.499 Y1.659 Z-1.000
X8.427 Y2.087 Z-1.000
X8.334 Y2.512 Z-1.000
X8.220 Y2.933 Z-1.000
X8.084 Y3.348 Z-1.000
X7.927 Y3.758 Z-1.000
X7.749 Y4.160 Z-1.000
X7.551 Y4.554 Z-1.000
X7.333 Y4.938 Z-1.000
X7.096 Y5.312 Z-1.000
X6.839 Y5.674 Z-1.000
X6.564 Y6.024 Z-1.000
X6.270 Y6.361 Z-1.000
X5.960 Y6.683 Z-1.000
X5.633 Y6.990 Z-1.000
X5.290 Y7.281 Z-1.000
X4.932 Y7.555 Z-1.000
X4.560 Y7.812 Z-1.000
X4.174 Y8.050 Z-1.000
X3.777 Y8.269 Z-1.000
X3.367 Y8.469 Z-1.000
X2.947 Y8.648 Z-1.000
X2.518 Y8.806 Z-1.000
X2.080 Y8.943 Z-1.000
X1.634 Y9.058 Z-1.000
X1.183 Y9.151 Z-1.000
X0.726 Y9.221 Z-1.000
X0.265 Y9.269 Z-1.000
X-0.199 Y9.293 Z-1.000
X-0.665 Y9.294 Z-1.000
X-1.131 Y9.272 Z-1.000
X-1.597 Y9.226 Z-1.000
X-2.061 Y9.157 Z-1.000
X-2.522 Y9.065 Z-1.000
X-2.979 Y8.949 Z-1.000
X-3.430 Y8.810 Z-1.000
X-3.875 Y8.649 Z-1.000
X-4.313 Y8.465 Z-1.000
X-4.742 Y8.258 Z-1.000
X-5.161 Y8.030 Z-1.000
X-5.569 Y7.781 Z-1.000
X-5.965 Y7.511 Z-1.000
X-6.347 Y7.220 Z-1.000
X-6.716 Y6.911 Z-1.000
X-7.069 Y6.582 Z-1.000
X-7.407 Y6.235 Z-1.000
X-7.727 Y5.871 Z-1.000
X-8.030 Y5.490 Z-1.000
X-8.313 Y5.094 Z-1.000
X-8.577 Y4.684 Z-1.000
X-8.821 Y4.259 Z-1.000
X-9.044 Y3.822 Z-1.000
X-9.245 Y3.373 Z-1.000
X-9.423 Y2.914 Z-1.000
X-9.579 Y2.445 Z-1.000
X-9.712 Y1.968 Z-1.000
X-9.820 Y1.484 Z-1.000
X-9.905 Y0.993 Z-1.000
X-9.965 Y0.498 Z-1.000
X-10.000 Y0.000 Z-1.000
X-10.010 Y-0.501 Z-1.000
X-9.995 Y-1.002 Z-1.000
X-9.955 Y-1.504 Z-1.000
X-9.890 Y-2.004 Z-1.000
X-9.799 Y-2.501 Z-1.000
X-9.684 Y-2.994 Z-1.000
X-9.544 Y-3.482 Z-1.000
X-9.379 Y-3.963 Z-1.000
X-9.189 Y-4.437 Z-1.000
X-8.976 Y-4.901 Z-1.000
X-8.740 Y-5.356 Z-1.000
X-8.480 Y-5.798 Z-1.000
X-8.198 Y-6.229 Z-1.000
X-7.894 Y-6.645 Z-1.000
X-7.568 Y-7.046 Z-1.000
X-7.223 Y-7.432 Z-1.000
X-6.857 Y-7.801 Z-1.000
X-6.473 Y-8.151 Z-1.000
X-6.071 Y-8.483 Z-1.000
X-5.652 Y-8.795 Z-1.000
X-5.217 Y-9.086 Z-1.000
X-4.767 Y-9.356 Z-1.000
X-4.303 Y-9.603 Z-1.000
X-3.826 Y-9.827 Z-1.000
X-3.337 Y-10.027 Z-1.000
X-2.838 Y-10.203 Z-1.000
X-2.330 Y-10.355 Z-1.000
X-1.814 Y-10.481 Z-1.000
X-1.291 Y-10.581 Z-1.000
X-0.762 Y-10.655 Z-1.000
X-0.229 Y-10.702 Z-1.000
X0.306 Y-10.723 Z-1.000
X0.843 Y-10.717 Z-1.000
X1.381 Y-10.684 Z-1.000
X1.917 Y-10.624 Z-1.000
X2.450 Y-10.537 Z-1.000
X2.980 Y-10.423 Z-1.000
X3.504 Y-10.283 Z-1.000
X4.022 Y-10.116 Z-1.000
X4.532 Y-9.923 Z-1.000
X5.032 Y-9.705 Z-1.000
X5.522 Y-9.461 Z-1.000
X6.001 Y-9.192 Z-1.000
X6.466 Y-8.899 Z-1.000
X6.916 Y-8.583 Z-1.000
X7.352 Y-8.243 Z-1.000
X7.770 Y-7.882 Z-1.000
X8.171 Y-7.499 Z-1.000
X8.553 Y-7.096 Z-1.000
X8.915 Y-6.674 Z-1.000
X9.256 Y-6.233 Z-1.000
X9.576 Y-5.774 Z-1.000
X9.872 Y-5.299 Z-1.000
X10.145 Y-4.809 Z-1.000
X10.394 Y-4.305 Z-1.000
X10.617 Y-3.788 Z-1.000
X10.815 Y-3.260 Z-1.000
X10.986 Y-2.721 Z-1.000
X11.131 Y-2.173 Z-1.000
X11.248 Y-1.617 Z-1.000
X11.337 Y-1.055 Z-1.000
X11.399 Y-0.489 Z-1.000
X11.432 Y0.082 Z-1.000
X11.436 Y0.654 Z-1.000
X11.412 Y1.227 Z-1.000
X11.358 Y1.799 Z-1.000
X11.277 Y2.369 Z-1.000
X11.166 Y2.935 Z-1.000
X11.027 Y3.496 Z-1.000
X10.860 Y4.051 Z-1.000
X10.665 Y4.597 Z-1.000
X10.442 Y5.134 Z-1.000
X10.193 Y5.661 Z-1.000
X9.917 Y6.175 Z-1.000
X9.614 Y6.675 Z-1.000
X9.287 Y7.161 Z-1.000
X8.935 Y7.631 Z-1.000
X8.559 Y8.083 Z-1.000
X8.160 Y8.517 Z-1.000
X7.739 Y8.932 Z-1.000
X7.297 Y9.325 Z-1.000
X6.836 Y9.696 Z-1.000
X6.355 Y10.045 Z-1.000
X5.856 Y10.370 Z-1.000
X5.341 Y10.670 Z-1.000
X4.810 Y10.944 Z-1.000
X4.266 Y11.192 Z-1.000
X3.708 Y11.413 Z-1.000
X3.139 Y11.606 Z-1.000
X2.560 Y11.770 Z-1.000
X1.973 Y11.906 Z-1.000
X1.378 Y12.012 Z-1.000
X0.778 Y12.089 Z-1.000
X0.173 Y12.135 Z-1.000
X-0.434 Y12.151 Z-1.000
X-1.042 Y12.137 Z-1.000
X-1.651 Y12.092 Z-1.000
X-2.257 Y12.017 Z-1.000
X-2.860 Y11.912 Z-1.000
X-3.458 Y11.776 Z-1.000
X-4.049 Y11.610 Z-1.000
X-4.633 Y11.414 Z-1.000
X-5.207 Y11.189 Z-1.000
X-5.770 Y10.935 Z-1.000
X-6.320 Y10.652 Z-1.000
X-6.857 Y10.342 Z-1.000
X-7.379 Y10.005 Z-1.000
X-7.884 Y9.642 Z-1.000
X-8.371 Y9.253 Z-1.000
X-8.839 Y8.839 Z-1.000
X-9.286 Y8.401 Z-1.000
X-9.712 Y7.941 Z-1.000
X-10.115 Y7.460 Z-1.000
X-10.494 Y6.958 Z-1.000
X-10.848 Y6.436 Z-1.000
X-11.176 Y5.897 Z-1.000
X-11.477 Y5.341 Z-1.000
X-11.751 Y4.769 Z-1.000
X-11.996 Y4.184 Z-1.000
X-12.212 Y3.586 Z-1.000
X-12.398 Y2.976 Z-1.000
X-12.553 Y2.358 Z-1.000
X-12.678 Y1.731 Z-1.000
X-12.771 Y1.097 Z-1.000
X-12.833 Y0.458 Z-1.000
X-12.862 Y-0.184 Z-1.000
X-12.860 Y-0.828 Z-1.000
X-12.825 Y-1.472 Z-1.000
X-12.758 Y-2.114 Z-1.000
X-12.658 Y-2.754 Z-1.000
X-12.527 Y-3.389 Z-1.000
X-12.364 Y-4.017 Z-1.000
X-12.169 Y-4.638 Z-1.000
X-11.943 Y-5.249 Z-1.000
X-11.686 Y-5.850 Z-1.000
X-11.399 Y-6.437 Z-1.000
X-11.082 Y-7.011 Z-1.000
X-10.737 Y-7.569 Z-1.000
X-10.363 Y-8.110 Z-1.000
X-9.962 Y-8.632 Z-1.000
X-9.535 Y-9.135 Z-1.000
X-9.082 Y-9.616 Z-1.000
X-8.605 Y-10.075 Z-1.000
X-8.105 Y-10.511 Z-1.000
X-7.583 Y-10.921 Z-1.000
X-7.040 Y-11.306 Z-1.000
X-6.477 Y-11.663 Z-1.000
X-5.896 Y-11.993 Z-1.000
X-5.299 Y-12.293 Z-1.000
X-4.686 Y-12.564 Z-1.000
X-4.059 Y-12.804 Z-1.000
X-3.420 Y-13.013 Z-1.000
X-2.771 Y-13.189 Z-1.000
X-2.112 Y-13.334 Z-1.000
X-1.446 Y-13.445 Z-1.000
X-0.773 Y-13.523 Z-1.000
X-0.097 Y-13.568 Z-1.000
X0.582 Y-13.578 Z-1.000
X1.262 Y-13.555 Z-1.000
X1.941 Y-13.498 Z-1.000
X2.617 Y-13.406 Z-1.000
X3.289 Y-13.281 Z-1.000
X3.955 Y-13.122 Z-1.000
X4.613 Y-12.929 Z-1.000
X5.262 Y-12.703 Z-1.000
X5.900 Y-12.445 Z-1.000
X6.525 Y-12.155 Z-1.000
X7.136 Y-11.833 Z-1.000
X7.731 Y-11.481 Z-1.000
X8.308 Y-11.098 Z-1.000
X8.867 Y-10.687 Z-1.000
X9.405 Y-10.247 Z-1.000
X9.921 Y-9.781 Z-1.000
X10.415 Y-9.288 Z-1.000
X10.883 Y-8.770 Z-1.000
X11.326 Y-8.229 Z-1.000
X11.742 Y-7.665 Z-1.000
X12.130 Y-7.081 Z-1.000
X12.489 Y-6.476 Z-1.000
X12.818 Y-5.854 Z-1.000
X13.115 Y-5.214 Z-1.000
X13.381 Y-4.560 Z-1.000
X13.614 Y-3.892 Z-1.000
X13.813 Y-3.212 Z-1.000
X13.979 Y-2.522 Z-1.000
X14.110 Y-1.823 Z-1.000
X14.206 Y-1.118 Z-1.000
X14.267 Y-0.408 Z-1.000
X14.292 Y0.306 Z-1.000
X14.282 Y1.021 Z-1.000
X14.235 Y1.736 Z-1.000
X14.153 Y2.449 Z-1.000
X14.035 Y3.158 Z-1.000
X13.882 Y3.862 Z-1.000
X13.693 Y4.558 Z-1.000
X13.470 Y5.244 Z-1.000
X13.212 Y5.920 Z-1.000
X12.920 Y6.583 Z-1.000
X12.594 Y7.231 Z-1.000
X12.236 Y7.864 Z-1.000
X11.847 Y8.479 Z-1.000
X11.426 Y9.074 Z-1.000
X10.976 Y9.649 Z-1.000
X10.496 Y10.201 Z-1.000
X9.989 Y10.729 Z-1.000
X9.455 Y11.232 Z-1.000
X8.896 Y11.708 Z-1.000
X8.313 Y12.157 Z-1.000
X7.707 Y12.576 Z-1.000
X7.080 Y12.966 Z-1.000
X6.433 Y13.324 Z-1.000
X5.768 Y13.649 Z-1.000
X5.087 Y13.942 Z-1.000
X4.391 Y14.200 Z-1.000
X3.681 Y14.424 Z-1.000
X2.961 Y14.612 Z-1.000
X2.230 Y14.764 Z-1.000
X1.492 Y14.880 Z-1.000
X0.748 Y14.959 Z-1.000
X-0.000 Y15.000 Z-1.000
X-0.751 Y15.004 Z-1.000
X-1.501 Y14.970 Z-1.000
X-2.251 Y14.899 Z-1.000
X-2.997 Y14.790 Z-1.000
X-3.738 Y14.644 Z-1.000
X-4.471 Y14.461 Z-1.000
X-5.196 Y14.241 Z-1.000
X-5.910 Y13.984 Z-1.000
X-6.611 Y13.692 Z-1.000
X-7.298 Y13.365 Z-1.000
X-7.968 Y13.003 Z-1.000
X-8.621 Y12.607 Z-1.000
X-9.253 Y12.179 Z-1.000
X-9.865 Y11.719 Z-1.000
X-10.454 Y11.228 Z-1.000
X-11.018 Y10.707 Z-1.000
X-11.556 Y10.159 Z-1.000
X-12.067 Y9.583 Z-1.000
X-12.549 Y8.981 Z-1.000
X-13.001 Y8.355 Z-1.000
X-13.422 Y7.707 Z-1.000
X-13.811 Y7.037 Z-1.000
X-14.166 Y6.347 Z-1.000
X-14.486 Y5.640 Z-1.000
X-14.771 Y4.916 Z-1.000
X-15.021 Y4.178 Z-1.000
X-15.233 Y3.428 Z-1.000
X-15.407 Y2.666 Z-1.000
X-15.544 Y1.896 Z-1.000
X-15.642 Y1.119 Z-1.000
X-15.701 Y0.336 Z-1.000
X-15.721 Y-0.449 Z-1.000
X-15.701 Y-1.236 Z-1.000
X-15.643 Y-2.022 Z-1.000
X-15.544 Y-2.805 Z-1.000
X-15.407 Y-3.583 Z-1.000
X-15.231 Y-4.354 Z-1.000
X-15.016 Y-5.117 Z-1.000
X-14.762 Y-5.869 Z-1.000
X-14.471 Y-6.609 Z-1.000
X-14.143 Y-7.334 Z-1.000
X-13.779 Y-8.043 Z-1.000
X-13.379 Y-8.734 Z-1.000
X-12.944 Y-9.405 Z-1.000
X-12.476 Y-10.054 Z-1.000
X-11.975 Y-10.680 Z-1.000
X-11.443 Y-11.281 Z-1.000
X-10.880 Y-11.855 Z-1.000
X-10.289 Y-12.401 Z-1.000
X-9.670 Y-12.918 Z-1.000
X-9.025 Y-13.404 Z-1.000
X-8.356 Y-13.857 Z-1.000
X-7.664 Y-14.277 Z-1.000
X-6.951 Y-14.663 Z-1.000
X-6.219 Y-15.013 Z-1.000
X-5.468 Y-15.326 Z-1.000
X-4.702 Y-15.602 Z-1.000
X-3.923 Y-15.840 Z-1.000
X-3.131 Y-16.038 Z-1.000
X-2.329 Y-16.197 Z-1.000
X-1.519 Y-16.316 Z-1.000
X-0.703 Y-16.394 Z-1.000
X0.117 Y-16.431 Z-1.000
X0.939 Y-16.428 Z-1.000
X1.761 Y-16.383 Z-1.000
X2.581 Y-16.297 Z-1.000
X3.397 Y-16.170 Z-1.000
X4.206 Y-16.002 Z-1.000
X5.007 Y-15.793 Z-1.000
X5.798 Y-15.545 Z-1.000
X6.576 Y-15.257 Z-1.000
X7.340 Y-14.929 Z-1.000
X8.088 Y-14.564 Z-1.000
X8.818 Y-14.161 Z-1.000
X9.527 Y-13.721 Z-1.000
X10.214 Y-13.246 Z-1.000
X10.878 Y-12.737 Z-1.000
X11.517 Y-12.194 Z-1.000
X12.128 Y-11.619 Z-1.000
X12.710 Y-11.014 Z-1.000
X13.263 Y-10.379 Z-1.000
X13.783 Y-9.716 Z-1.000
X14.271 Y-9.028 Z-1.000
X14.724 Y-8.315 Z-1.000
X15.141 Y-7.579 Z-1.000
X15.521 Y-6.822 Z-1.000
X15.864 Y-6.046 Z-1.000
X16.168 Y-5.253 Z-1.000
X16.432 Y-4.445 Z-1.000
X16.656 Y-3.623 Z-1.000
X16.839 Y-2.790 Z-1.000
X16.980 Y-1.948 Z-1.000
X17.078 Y-1.099 Z-1.000
X17.135 Y-0.245 Z-1.000
X17.148 Y0.612 Z-1.000
X17.119 Y1.470 Z-1.000
X17.046 Y2.327 Z-1.000
X16.931 Y3.180 Z-1.000
X16.773 Y4.027 Z-1.000
X16.573 Y4.866 Z-1.000
X16.331 Y5.696 Z-1.000
X16.047 Y6.513 Z-1.000
X15.722 Y7.316 Z-1.000
X15.357 Y8.103 Z-1.000
X14.953 Y8.872 Z-1.000
X14.510 Y9.620 Z-1.000
X14.029 Y10.347 Z-1.000
X13.512 Y11.049 Z-1.000
X12.960 Y11.725 Z-1.000
X12.374 Y12.374 Z-1.000
X11.756 Y12.994 Z-1.000
X11.106 Y13.583 Z-1.000
X10.428 Y14.139 Z-1.000
X9.721 Y14.661 Z-1.000
X8.988 Y15.148 Z-1.000
X8.230 Y15.598 Z-1.000
X7.450 Y16.010 Z-1.000
X6.650 Y16.384 Z-1.000
X5.830 Y16.717 Z-1.000
X4.994 Y17.009 Z-1.000
X4.144 Y17.260 Z-1.000
X3.280 Y17.467 Z-1.000
X2.407 Y17.632 Z-1.000
X1.525 Y17.753 Z-1.000
X0.637 Y17.830 Z-1.000
X-0.255 Y17.862 Z-1.000
X-1.149 Y17.849 Z-1.000
X-2.041 Y17.792 Z-1.000
X-2.932 Y17.691 Z-1.000
X-3.817 Y17.544 Z-1.000
X-4.694 Y17.354 Z-1.000
X-5.562 Y17.119 Z-1.000
X-6.419 Y16.841 Z-1.000
X-7.261 Y16.520 Z-1.000
X-8.088 Y16.157 Z-1.000
X-8.896 Y15.753 Z-1.000
X-9.684 Y15.308 Z-1.000
X-10.450 Y14.823 Z-1.000
X-11.191 Y14.301 Z-1.000
X-11.907 Y13.741 Z-1.000
X-12.594 Y13.145 Z-1.000
X-13.251 Y12.515 Z-1.000
X-13.877 Y11.852 Z-1.000
X-14.470 Y11.158 Z-1.000
X-15.028 Y10.434 Z-1.000
X-15.550 Y9.682 Z-1.000
X-16.034 Y8.905 Z-1.000
X-16.479 Y8.102 Z-1.000
X-16.885 Y7.278 Z-1.000
X-17.248 Y6.433 Z-1.000
X-17.570 Y5.570 Z-1.000
X-17.848 Y4.691 Z-1.000
X-18.083 Y3.799 Z-1.000
X-18.272 Y2.894 Z-1.000
X-18.417 Y1.980 Z-1.000
X-18.515 Y1.059 Z-1.000
X-18.568 Y0.133 Z-1.000
X-18.574 Y-0.796 Z-1.000
X-18.534 Y-1.725 Z-1.000
X-18.447 Y-2.652 Z-1.000
X-18.313 Y-3.575 Z-1.000
X-18.134 Y-4.491 Z-1.000
X-17.909 Y-5.398 Z-1.000
X-17.638 Y-6.293 Z-1.000
X-17.323 Y-7.175 Z-1.000
X-16.963 Y-8.042 Z-1.000
X-16.560 Y-8.890 Z-1.000
X-16.115 Y-9.718 Z-1.000
X-15.628 Y-10.523 Z-1.000
X-15.101 Y-11.305 Z-1.000
X-14.535 Y-12.059 Z-1.000
X-13.931 Y-12.786 Z-1.000
X-13.291 Y-13.482 Z-1.000
X-12.616 Y-14.146 Z-1.000
X-11.908 Y-14.776 Z-1.000
X-11.168 Y-15.371 Z-1.000
X-10.398 Y-15.929 Z-1.000
X-9.601 Y-16.448 Z-1.000
X-8.778 Y-16.928 Z-1.000
X-7.931 Y-17.366 Z-1.000
X-7.062 Y-17.761 Z-1.000
X-6.173 Y-18.113 Z-1.000
X-5.266 Y-18.421 Z-1.000
X-4.345 Y-18.683 Z-1.000
X-3.410 Y-18.899 Z-1.000
X-2.464 Y-19.069 Z-1.000
X-1.510 Y-19.191 Z-1.000
X-0.550 Y-19.265 Z-1.000
X0.413 Y-19.291 Z-1.000
X1.378 Y-19.269 Z-1.000
X2.342 Y-19.199 Z-1.000
X3.302 Y-19.080 Z-1.000
X4.256 Y-18.913 Z-1.000
X5.202 Y-18.699 Z-1.000
X6.137 Y-18.437 Z-1.000
X7.058 Y-18.129 Z-1.000
X7.964 Y-17.774 Z-1.000
X8.853 Y-17.375 Z-1.000
X9.721 Y-16.930 Z-1.000
X10.567 Y-16.443 Z-1.000
X11.389 Y-15.913 Z-1.000
X12.183 Y-15.342 Z-1.000
X12.950 Y-14.731 Z-1.000
X13.685 Y-14.082 Z-1.000
X14.388 Y-13.396 Z-1.000
X15.057 Y-12.675 Z-1.000
X15.690 Y-11.921 Z-1.000
X16.284 Y-11.135 Z-1.000
X16.840 Y-10.319 Z-1.000
X17.354 Y-9.476 Z-1.000
X17.826 Y-8.607 Z-1.000
X18.255 Y-7.715 Z-1.000
X18.639 Y-6.801 Z-1.000
X18.977 Y-5.868 Z-1.000
X19.269 Y-4.918 Z-1.000
X19.513 Y-3.954 Z-1.000
X19.708 Y-2.977 Z-1.000
X19.855 Y-1.991 Z-1.000
X19.952 Y-0.998 Z-1.000
X20.000 Y-0.000 Z-1.000

G0 Z5.000  ( retract )
G0 X0 Y0    ( go home )
M5           ( spindle off )
M2           ( end program )
